Player,Married?,Tournament Earnings($),Rank,Year
Rafael Nadal,Yes,12859587,1,2019,
Novak Djokovic,Yes,11517228,2,2019,
Roger Federer,Yes,7634976,3,2019,
Dominic Thiem,No,7091603,4,2019,
Daniil Medvedev,Yes,7117310,5,2019,
Stefanos Tsitsipas,No,6712206,6,2019,
Alexander Zverev,No,3660724,7,2019,
Matteo Berrettini,No,3022462,8,2019,
Roberto Bautista Agut,Yes,2569523,9,2019,
Gael Monfils,No,2569922,10,2019,
David Goffin,No,2421718,11,2019,
Fabio Fognini,Yes,2535049,12,2019,
Kei Nishikori,No,2144457,13,2019,
Diego Schwartzman,No,2154555,14,2019,
Denis Shapovalov,No,2010869,15,2019,
Stan Wawrinka,No,2089649,16,2019,
Karen Khachanov,Yes,2097842,17,2019,
Alex de Minaur,No,1895709,18,2019,
John Isner,Yes,1709328,19,2019,
Grigor Dimitrov,No,2066004,20,2019,
Felix Auger-Aliassime,No,1457003,21,2019,
Lucas Pouille,Yes,1573714,22,2019,
Andrey Rublev,No,1408760,23,2019,
Benoit Paire,No,1413173,24,2019,
Guido Pella,No,1449999,25,2019,
Nikoloz Basilashvili,Yes,1571102,26,2019,
Pablo Carreno Busta,No,1275369,27,2019,
Borna Coric,No,1462133,28,2019,
Jo-Wilfried Tsonga,Yes,1054107,29,2019,
Nick Kyrgios,No,1312871,30,2019,
Milos Raonic,No,1248208,31,2019,
Taylor Fritz,Yes,1157138,32,2019,
Cristian Garin,No,1096467,33,2019,
Dusan Lajovic,No,1433267,34,2019,
Jan-Lennard Struff,No,1416551,35,2019,
Reilly Opelka,No,1042624,36,2019,
Hubert Hurkacz,No,1169651,37,2019,
Laslo Djere,No,1173336,38,2019,
Marin Cilic,Yes,1344293,39,2019,
Filip Krajinovic,No,891166,40,2019,
Albert Ramos-Vinolas,Yes,895041,41,2019,
Daniel Evans,No,820079,42,2019,
Adrian Mannarino,No,1028731,43,2019,
Sam Querrey,Yes,949123,44,2019,
Pablo Cuevas,No,863324,45,2019,
Radu Albot,No,995422,46,2019,
Frances Tiafoe,No,1366631,47,2019,
John Millman,No,958072,48,2019,
Fernando Verdasco,Yes,1200419,49,2019,
Juan Ignacio Londero,No,883098,50,2019,
Jeremy Chardy,Yes,963922,51,2019,
Lorenzo Sonego,No,779098,52,2019,
Cameron Norrie,No,868846,53,2019,
Casper Ruud,No,800658,54,2019,
Gilles Simon,No,1151768,55,2019,
Alexander Bublik,No,676470,56,2019,
Ugo Humbert,No,777066,57,2019,
Aljaz Bedene,Yes,709003,58,2019,
Miomir Kecmanovic,No,1046628,59,2019,
Joao Sousa,No,951345,60,2019,
Richard Gasquet,No,872096,61,2019,
Feliciano Lopez,No,1035529,62,2019,
Jordan Thompson,No,829520,63,2019,
Pablo Andujar,Yes,696325,64,2019,
Pierre-Hugues Herbert,No,868371,65,2019,
Ricardas Berankis,No,541314,66,2019,
Mikhail Kukushkin,No,965179,67,2019,
Tennys Sandgren,No,735550,68,2019,
Kyle Edmund,No,923876,69,2019,
Marton Fucsovics,No,874370,70,2019,
Marco Cecchinato,No,834258,71,2019,
Andreas Seppi,Yes,731463,72,2019,
Yoshihito Nishioka,No,789918,73,2019,
Mikael Ymer,No,368648,74,2019,
Hugo Dellien,Yes,507211,75,2019,
Federico Delbonis,Yes,576085,76,2019,
Nicolas Jarry,No,654171,77,2019,
Jannik Sinner,No,636953,78,2019,
Philipp Kohlschreiber,Yes,745895,79,2019,
Roberto Carballes Baena,No,585167,80,2019,
Yasutaka Uchiyama,No,249443,81,2019,
Gregoire Barrere,No,417236,82,2019,
Corentin Moutet,No,445526,83,2019,
Stefano Travaglia,No,268707,84,2019,
Steve Johnson,Yes,622681,85,2019,
Jaume Munar,No,581185,86,2019,
Alejandro Davidovich Fokina,No,289828,87,2019,
Soonwoo Kwon,No,286066,88,2019,
Thiago Monteiro,No,333700,89,2019,
Tommy Paul,No,250831,90,2019,
Kevin Anderson,Yes,521647,91,2019,
Leonardo Mayer,Yes,728028,92,2019,
Damir Dzumhur,No,616821,93,2019,
Dominik Koepfer,No,494439,94,2019,
Ivo Karlovic,Yes,590970,95,2019,
Salvatore Caruso,No,359581,96,2019,
Alexei Popyrin,No,676289,97,2019,
Egor Gerasimov,Yes,344164,98,2019,
Lloyd Harris,No,454174,99,2019,
James Duckworth,No,176920,100,2019,
Kamil Majchrzak,No,380872,101,2019,
Marcos Giron,No,263183,102,2019,
Yuichi Sugita,No,206980,103,2019,
Henri Laaksonen,No,396544,104,2019,
Jiri Vesely,Yes,414184,105,2019,
Brayden Schnur,No,302793,106,2019,
Andrej Martin,No,90209,107,2019,
Dennis Novak,No,202965,108,2019,
Norbert Gombos,No,134718,109,2019,
Taro Daniel,No,392916,110,2019,
Marcel Granollers,No,371082,111,2019,
Evgeny Donskoy,Yes,283914,112,2019,
Denis Kudla,No,625528,113,2019,
Thomas Fabbiano,No,611515,114,2019,
Paolo Lorenzi,Yes,374219,115,2019,
Antoine Hoang,No,384509,116,2019,
Peter Gojowczyk,No,520956,117,2019,
Gianluca Mager,No,113001,118,2019,
Christopher O'Connell,No,72921,119,2019,
Federico Coria,No,79349,120,2019,
Go Soeda,No,164020,121,2019,
Juan Martin del Potro,No,511797,122,2019,
Emil Ruusuvuori,No,50459,123,2019,
Prajnesh Gunneswaran,No,375183,124,2019,
Andy Murray,Yes,369320,125,2019,
Yannick Maden,No,211064,126,2019,
Jason Jung,No,173730,127,2019,
Hyeon Chung,No,391115,128,2019,
Mackenzie McDonald,No,343894,129,2019,
Sumit Nagal,No,113009,130,2019,
Ilya Ivashka,No,305479,131,2019,
Guido Andreozzi,No,361608,132,2019,
Attila Balazs,No,144530,133,2019,
Marc Polmans,No,162457,134,2019,
Bradley Klahn,No,436099,135,2019,
Steven Diez,No,120759,136,2019,
Facundo Bagnis,No,125177,137,2019,
Zhizhen Zhang,No,148448,138,2019,
Jozef Kovalik,No,271991,139,2019,
Pedro Sousa,No,149893,140,2019,
Martin Klizan,No,560856,141,2019,
Dudi Sela,Yes,71667,142,2019,
Juan Pablo Varillas,No,56882,143,2019,
Guillermo Garcia-Lopez,No,286544,144,2019,
Blaz Rola,No,136437,145,2019,
Emilio Gomez,No,97605,146,2019,
Tatsuma Ito,No,167485,147,2019,
Alessandro Giannessi,No,102286,148,2019,
Vasek Pospisil,No,308955,149,2019,
Sergiy Stakhovsky,Yes,220403,150,2019,
Lorenzo Giustino,No,83071,151,2019,
Federico Gaio,No,97926,152,2019,
Marius Copil,No,500070,153,2019,
Jay Clarke,No,196090,154,2019,
Nikola Milojevic,No,100879,155,2019,
Sebastian Ofner,No,124305,156,2019,
Steve Darcis,No,318968,157,2019,
Viktor Troicki,Yes,176165,158,2019,
Alex Bolt,No,227512,159,2019,
Kimmer Coppejans,No,169800,160,2019,
Andrew Harris,No,87123,161,2019,
Robin Haase,No,520974,162,2019,
Oscar Otte,No,206241,163,2019,
Rudolf Molleker,No,210310,164,2019,
Cedrik-Marcel Stebe,No,321244,165,2019,
Darian King,No,130264,166,2019,
Mitchell Krueger,No,152583,167,2019,
Mikael Torpegaard,No,89876,168,2019,
Danilo Petrovic,No,38613,169,2019,
Pedro Martinez,No,174730,170,2019,
Filip Horansky,No,84906,171,2019,
Yannick Hanfmann,No,135742,172,2019,
Joao Domingues,No,117967,173,2019,
Ramkumar Ramanathan,No,145638,174,2019,
Mohamed Safwat,Yes,91141,175,2019,
Elias Ymer,No,126725,176,2019,
Denis Istomin,No,251726,177,2019,
Tallon Griekspoor,No,125553,178,2019,
Marcos Baghdatis,Yes,183077,179,2019,
Lukas Rosol,No,210237,180,2019,
Roberto Marcora,No,67665,181,2019,
Enrique Lopez Perez,No,89347,182,2019,
Lukas Lacko,No,136275,183,2019,
Peter Polansky,No,161001,184,2019,
Bernard Tomic,No,359104,185,2019,
Dmitry Popko,No,39190,186,2019,
Mats Moraing,No,118117,187,2019,
J.J. Wolf,No,52555,188,2019,
Joao Menezes,No,65427,189,2019,
Carlos Taberner,No,31012,190,2019,
Daniel Elahi Galan,No,145116,191,2019,
Enzo Couacaud,No,110267,192,2019,
Zhe Li,No,187820,193,2019,
Nicolas Mahut,No,1076046,194,2019,
Andrea Collarini,No,35864,195,2019,
Maxime Cressy,No,50660,196,2019,
Mario Vilella Martinez,No,64696,197,2019,
Botic Van de Zandschulp,No,36631,198,2019,
Thanasi Kokkinakis,No,197223,199,2019,
Bernabe Zapata Miralles,No,53303,200,2019,
Novak Djokovic,Yes,12609673,1,2018,
Rafael Nadal,Yes,8663348,2,2018,
Roger Federer,Yes,7599234,3,2018,
Alexander Zverev,No,7726914,4,2018,
Juan Martin del Potro,No,5882711,5,2018,
Kevin Anderson,Yes,4917350,6,2018,
Marin Cilic,Yes,4727148,7,2018,
Dominic Thiem,No,4519352,8,2018,
Kei Nishikori,No,3758923,9,2018,
John Isner,Yes,3746875,10,2018,
Karen Khachanov,Yes,2966360,11,2018,
Borna Coric,No,2695356,12,2018,
Fabio Fognini,Yes,1926977,13,2018,
Kyle Edmund,No,2099313,14,2018,
Stefanos Tsitsipas,No,2519615,15,2018,
Daniil Medvedev,Yes,1637191,16,2018,
Diego Schwartzman,No,1891302,17,2018,
Milos Raonic,No,1783442,18,2018,
Grigor Dimitrov,No,1781444,19,2018,
Marco Cecchinato,No,1439736,20,2018,
Nikoloz Basilashvili,Yes,2023705,21,2018,
David Goffin,No,1720860,22,2018,
Pablo Carreno Busta,No,1622247,23,2018,
Roberto Bautista Agut,Yes,1672949,24,2018,
Hyeon Chung,No,1461813,25,2018,
Richard Gasquet,No,1347771,26,2018,
Denis Shapovalov,No,1461155,27,2018,
Fernando Verdasco,Yes,1452316,28,2018,
Gael Monfils,No,1245866,29,2018,
Gilles Simon,No,1135499,30,2018,
Alex de Minaur,No,1229030,31,2018,
Lucas Pouille,Yes,1260216,32,2018,
Steve Johnson,Yes,941024,33,2018,
Philipp Kohlschreiber,Yes,1209087,34,2018,
Nick Kyrgios,No,1001667,35,2018,
Marton Fucsovics,No,1033278,36,2018,
Andreas Seppi,Yes,962714,37,2018,
John Millman,No,965348,38,2018,
Frances Tiafoe,No,1026059,39,2018,
Jeremy Chardy,Yes,943401,40,2018,
Martin Klizan,No,523628,41,2018,
Adrian Mannarino,No,1109750,42,2018,
Nicolas Jarry,No,799215,43,2018,
Joao Sousa,No,1033432,44,2018,
Malek Jaziri,Yes,887185,45,2018,
Matthew Ebden,Yes,871765,46,2018,
Damir Dzumhur,No,1102055,47,2018,
Dusan Lajovic,No,921384,48,2018,
Taylor Fritz,Yes,832248,49,2018,
Robin Haase,No,942335,50,2018,
Sam Querrey,Yes,1028867,51,2018,
Benoit Paire,No,971279,52,2018,
Mikhail Kukushkin,No,840474,53,2018,
Matteo Berrettini,No,709801,54,2018,
Pierre-Hugues Herbert,No,848674,55,2018,
Leonardo Mayer,Yes,938352,56,2018,
Jan-Lennard Struff,No,918302,57,2018,
Guido Pella,No,788735,58,2018,
Peter Gojowczyk,No,833419,59,2018,
Marius Copil,No,733335,60,2018,
Tennys Sandgren,No,808870,61,2018,
Ryan Harrison,Yes,701357,62,2018,
Denis Kudla,No,589703,63,2018,
Feliciano Lopez,No,824652,64,2018,
Albert Ramos-Vinolas,Yes,911372,65,2018,
Stan Wawrinka,No,817555,66,2018,
Aljaz Bedene,Yes,635628,67,2018,
Andrey Rublev,No,954551,68,2018,
Mischa Zverev,Yes,888179,69,2018,
Vasek Pospisil,No,512161,70,2018,
Tomas Berdych,Yes,711845,71,2018,
Jordan Thompson,No,330705,72,2018,
Roberto Carballes Baena,No,476286,73,2018,
Maximilian Marterer,No,789332,74,2018,
Yoshihito Nishioka,No,508047,75,2018,
Bradley Klahn,No,390324,76,2018,
Taro Daniel,No,481511,77,2018,
Mackenzie McDonald,No,537013,78,2018,
Guido Andreozzi,No,308681,79,2018,
Federico Delbonis,Yes,502527,80,2018,
Jaume Munar,No,538100,81,2018,
Pablo Andujar,Yes,284020,82,2018,
Bernard Tomic,No,420376,83,2018,
Cristian Garin,No,147909,84,2018,
Jozef Kovalik,No,277176,85,2018,
Hubert Hurkacz,No,467695,86,2018,
Mirza Basic,No,445003,87,2018,
Pablo Cuevas,No,592801,88,2018,
Jiri Vesely,Yes,527048,89,2018,
Cameron Norrie,No,512062,90,2018,
Ilya Ivashka,No,324360,91,2018,
Denis Istomin,No,477760,92,2018,
Laslo Djere,No,428920,93,2018,
Filip Krajinovic,No,687076,94,2018,
Ernests Gulbis,Yes,468886,95,2018,
Marcel Granollers,No,199666,96,2018,
Evgeny Donskoy,Yes,585986,97,2018,
Radu Albot,No,579728,98,2018,
Reilly Opelka,No,157769,99,2018,
Ivo Karlovic,Yes,453215,100,2018,
Thomas Fabbiano,No,469814,101,2018,
Ugo Humbert,No,211981,102,2018,
Michael Mmoh,No,283987,103,2018,
Pedro Sousa,No,101179,104,2018,
Guillermo Garcia-Lopez,No,523437,105,2018,
Jack Sock,No,738746,106,2018,
Lorenzo Sonego,No,323626,107,2018,
Felix Auger-Aliassime,No,289961,108,2018,
Paolo Lorenzi,Yes,442834,109,2018,
Prajnesh Gunneswaran,No,158567,110,2018,
Jared Donaldson,No,569434,111,2018,
Casper Ruud,No,336326,112,2018,
Jason Kubler,No,269959,113,2018,
Lukas Lacko,No,441739,114,2018,
Elias Ymer,No,265820,115,2018,
Ricardas Berankis,No,362048,116,2018,
Ruben Bemelmans,No,456818,117,2018,
Juan Ignacio Londero,No,105373,118,2018,
Peter Polansky,No,357552,119,2018,
Thiago Monteiro,No,190930,120,2018,
Jason Jung,No,159599,121,2018,
Hugo Dellien,Yes,96764,122,2018,
Marco Trungelliti,Yes,235355,123,2018,
Marcos Baghdatis,Yes,559009,124,2018,
David Ferrer,Yes,494454,125,2018,
Yannick Maden,No,233807,126,2018,
Lloyd Harris,No,160205,127,2018,
Quentin Halys,No,7991,128,2018,
Adrian Menendez-Maceiras,No,133296,129,2018,
Matthias Bachinger,No,217142,130,2018,
Miomir Kecmanovic,No,128231,131,2018,
Ramkumar Ramanathan,No,192924,132,2018,
Stefano Travaglia,No,236859,133,2018,
Sergiy Stakhovsky,Yes,306705,134,2018,
Noah Rubin,No,223833,135,2018,
Bjorn Fratangelo,No,190414,136,2018,
Yuki Bhambri,No,349309,137,2018,
Gilles Muller,Yes,556114,138,2018,
Carlos Berlocq,Yes,147687,139,2018,
Dennis Novak,No,320475,140,2018,
Simone Bolelli,Yes,90754,141,2018,
Lukas Rosol,No,77883,142,2018,
Jurgen Zopp,No,287069,143,2018,
Corentin Moutet,No,304629,144,2018,
Yuichi Sugita,No,579556,145,2018,
Thanasi Kokkinakis,No,244805,146,2018,
Alexei Popyrin,No,147267,147,2018,
Tatsuma Ito,No,91342,148,2018,
Antoine Hoang,No,86983,149,2018,
Mats Moraing,No,88683,150,2018,
Constant Lestienne,No,105053,151,2018,
Yannick Hanfmann,No,171245,152,2018,
Facundo Bagnis,No,145773,153,2018,
Alex Bolt,No,213241,154,2018,
Gianluigi Quinzi,No,54849,155,2018,
Pedro Martinez,No,100592,156,2018,
Egor Gerasimov,Yes,120578,157,2018,
Salvatore Caruso,No,133732,158,2018,
Rogerio Dutra Silva,Yes,224754,159,2018,
Alessandro Giannessi,No,123543,160,2018,
Dominik Koepfer,No,94394,161,2018,
Alexander Bublik,No,131290,162,2018,
Gregoire Barrere,No,182574,163,2018,
Tim Smyczek,Yes,292360,164,2018,
Filippo Baldi,No,58290,165,2018,
Marc Polmans,No,116766,166,2018,
Oscar Otte,No,133411,167,2018,
Luca Vanni,No,102895,168,2018,
Henri Laaksonen,No,164072,169,2018,
Christopher Eubanks,No,98590,170,2018,
Pedja Krstin,No,84963,171,2018,
Brayden Schnur,No,94304,172,2018,
Horacio Zeballos,Yes,296189,173,2018,
Nikola Milojevic,No,99286,174,2018,
Alexey Vatutin,No,113812,175,2018,
Andrea Arnaboldi,No,75179,176,2018,
Kamil Majchrzak,No,92502,177,2018,
Nicolas Kicker,No,274486,178,2018,
Sebastian Ofner,No,108224,179,2018,
Aleksandr Nedovyesov,No,5184,180,2018,
Roberto Quiroz,No,72762,181,2018,
Daniel Brands,No,72022,182,2018,
Andrej Martin,No,83770,183,2018,
Mohamed Safwat,Yes,134495,184,2018,
Yasutaka Uchiyama,No,68692,185,2018,
James Ward,No,80675,186,2018,
Ernesto Escobedo,No,167012,187,2018,
Blaz Rola,No,74503,188,2018,
Daniel Gimeno-Traver,Yes,82804,189,2018,
Nicolas Mahut,No,756601,190,2018,
Hiroki Moriya,No,80847,191,2018,
Daniel Evans,No,73703,192,2018,
John-Patrick Smith,No,145301,193,2018,
Yosuke Watanuki,No,71542,194,2018,
Stephane Robert,No,168163,195,2018,
Maxime Janvier,No,90619,196,2018,
Kenny De Schepper,No,97221,197,2018,
Darian King,No,116600,198,2018,
Stefano Napolitano,No,102490,199,2018,
Adam Pavlasek,No,148350,200,2018,
Rafael Nadal,Yes,12691341,1,2017,
Roger Federer,Yes,11754077,2,2017,
Grigor Dimitrov,No,5577361,3,2017,
Alexander Zverev,No,4206314,4,2017,
Dominic Thiem,No,3653909,5,2017,
Marin Cilic,Yes,3596923,6,2017,
David Goffin,No,3530572,7,2017,
Jack Sock,No,2824160,8,2017,
Stan Wawrinka,No,2802229,9,2017,
Pablo Carreno Busta,No,2553481,10,2017,
Juan Martin del Potro,No,2302102,11,2017,
Novak Djokovic,Yes,2083742,12,2017,
Sam Querrey,Yes,2232151,13,2017,
Kevin Anderson,Yes,2842305,14,2017,
Jo-Wilfried Tsonga,Yes,1843395,15,2017,
Andy Murray,Yes,2071625,16,2017,
John Isner,Yes,1707551,17,2017,
Lucas Pouille,Yes,1953511,18,2017,
Tomas Berdych,Yes,1766276,19,2017,
Roberto Bautista Agut,Yes,1731788,20,2017,
Nick Kyrgios,No,1771001,21,2017,
Kei Nishikori,No,1435597,22,2017,
Albert Ramos-Vinolas,Yes,1643204,23,2017,
Milos Raonic,No,1372323,24,2017,
Gilles Muller,Yes,1210901,25,2017,
Diego Schwartzman,No,1523165,26,2017,
Fabio Fognini,Yes,1304893,27,2017,
Adrian Mannarino,No,1274445,28,2017,
Philipp Kohlschreiber,Yes,1138512,29,2017,
Damir Dzumhur,No,1012699,30,2017,
Richard Gasquet,No,985805,31,2017,
Pablo Cuevas,No,1124349,32,2017,
Mischa Zverev,Yes,1276778,33,2017,
Filip Krajinovic,No,605368,34,2017,
Fernando Verdasco,Yes,1205065,35,2017,
Feliciano Lopez,No,1303087,36,2017,
David Ferrer,Yes,1046654,37,2017,
Alexandr Dolgopolov,No,934275,38,2017,
Andrey Rublev,No,1296172,39,2017,
Yuichi Sugita,No,727787,40,2017,
Benoit Paire,No,1022812,41,2017,
Robin Haase,No,1036239,42,2017,
Paolo Lorenzi,Yes,979470,43,2017,
Steve Johnson,Yes,933229,44,2017,
Karen Khachanov,Yes,1145272,45,2017,
Gael Monfils,No,1003855,46,2017,
Ryan Harrison,Yes,780131,47,2017,
Borna Coric,No,988892,48,2017,
Aljaz Bedene,Yes,609483,49,2017,
Kyle Edmund,No,952700,50,2017,
Denis Shapovalov,No,762650,51,2017,
Leonardo Mayer,Yes,654583,52,2017,
Jan-Lennard Struff,No,781652,53,2017,
Jared Donaldson,No,840073,54,2017,
Viktor Troicki,Yes,880717,55,2017,
Julien Benneteau,Yes,570468,56,2017,
Joao Sousa,No,704563,57,2017,
Hyeon Chung,No,1032776,58,2017,
Nikoloz Basilashvili,Yes,727702,59,2017,
Peter Gojowczyk,No,410386,60,2017,
Donald Young,No,713155,61,2017,
Jiri Vesely,Yes,695065,62,2017,
Denis Istomin,No,699209,63,2017,
Guido Pella,No,458656,64,2017,
Daniil Medvedev,Yes,727580,65,2017,
Horacio Zeballos,Yes,165726,66,2017,
Dudi Sela,Yes,474395,67,2017,
Federico Delbonis,Yes,356401,68,2017,
Florian Mayer,No,649802,69,2017,
Guillermo Garcia-Lopez,No,403630,70,2017,
Yen-Hsun Lu,Yes,427569,71,2017,
Evgeny Donskoy,Yes,435658,72,2017,
Thomas Fabbiano,No,381466,73,2017,
Mikhail Kukushkin,No,524937,74,2017,
Dusan Lajovic,No,548668,75,2017,
Matthew Ebden,Yes,193409,76,2017,
Steve Darcis,No,504822,77,2017,
Jeremy Chardy,Yes,553200,78,2017,
Frances Tiafoe,No,499276,79,2017,
Ivo Karlovic,Yes,653585,80,2017,
Pierre-Hugues Herbert,No,548409,81,2017,
Cedrik-Marcel Stebe,No,201743,82,2017,
Victor Estrella Burgos,No,354189,83,2017,
Mikhail Youzhny,Yes,461711,84,2017,
Marton Fucsovics,No,283481,85,2017,
Andreas Seppi,Yes,562562,86,2017,
Radu Albot,No,462562,87,2017,
Laslo Djere,No,139601,88,2017,
Gilles Simon,No,666046,89,2017,
Maximilian Marterer,No,206959,90,2017,
Stefanos Tsitsipas,No,302879,91,2017,
Lukas Lacko,No,321489,92,2017,
Marius Copil,No,364250,93,2017,
Jordan Thompson,No,422805,94,2017,
Nicolas Kicker,No,362741,95,2017,
Tennys Sandgren,No,227351,96,2017,
Blaz Kavcic,No,160303,97,2017,
Malek Jaziri,Yes,582954,98,2017,
Taro Daniel,No,336924,99,2017,
Gerald Melzer,No,202227,100,2017,
Rogerio Dutra Silva,Yes,438546,101,2017,
Marcos Baghdatis,Yes,486542,102,2017,
Nicolas Mahut,No,747550,103,2017,
Taylor Fritz,Yes,380212,104,2017,
Janko Tipsarevic,Yes,301145,105,2017,
Roberto Carballes Baena,No,123384,106,2017,
Andrey Kuznetsov,No,449286,107,2017,
Vasek Pospisil,No,324679,108,2017,
Marco Cecchinato,No,180091,109,2017,
Bjorn Fratangelo,No,312231,110,2017,
Nicolas Jarry,No,159234,111,2017,
Carlos Berlocq,Yes,412192,112,2017,
Thomaz Bellucci,Yes,439418,113,2017,
Cameron Norrie,No,225310,114,2017,
Gastao Elias,No,228725,115,2017,
Yuki Bhambri,No,140914,116,2017,
Alexander Bublik,No,217759,117,2017,
Ruben Bemelmans,No,288994,118,2017,
Yannick Hanfmann,No,145784,119,2017,
Ernesto Escobedo,No,369635,120,2017,
Henri Laaksonen,No,280162,121,2017,
Sergiy Stakhovsky,Yes,288576,122,2017,
Jerzy Janowicz,No,283902,123,2017,
Thiago Monteiro,No,452632,124,2017,
Dustin Brown,No,449738,125,2017,
Pedro Sousa,No,109827,126,2017,
Adrian Menendez-Maceiras,No,184299,127,2017,
John Millman,No,296822,128,2017,
Quentin Halys,No,19694,129,2017,
Tim Smyczek,Yes,201304,130,2017,
Oscar Otte,No,85626,131,2017,
Norbert Gombos,No,254725,132,2017,
Daniel Evans,No,405917,133,2017,
Stefano Travaglia,No,184576,134,2017,
Matteo Berrettini,No,84667,135,2017,
Ricardas Berankis,No,287301,136,2017,
Peter Polansky,No,208137,137,2017,
Mirza Basic,No,121673,138,2017,
Casper Ruud,No,222114,139,2017,
Bernard Tomic,No,474867,140,2017,
Martin Klizan,No,347977,141,2017,
Elias Ymer,No,123143,142,2017,
Sebastian Ofner,No,201538,143,2017,
Renzo Olivo,No,327412,144,2017,
Uladzimir Ignatik,No,96983,145,2017,
Akira Santillan,No,133498,146,2017,
Yannick Maden,No,73939,147,2017,
Ramkumar Ramanathan,No,111046,148,2017,
Egor Gerasimov,Yes,71297,149,2017,
Go Soeda,No,150392,150,2017,
Nicolas Almagro,Yes,355797,151,2017,
Tommy Paul,No,174593,152,2017,
Tatsuma Ito,No,124423,153,2017,
Alessandro Giannessi,No,189498,154,2017,
Corentin Moutet,No,57739,155,2017,
Gleb Sakharov,No,90148,156,2017,
Calvin Hemery,No,71883,157,2017,
Nikola Milojevic,No,80362,158,2017,
Kenny De Schepper,No,116281,159,2017,
Andrej Martin,No,71696,160,2017,
Mathias Bourgue,No,114708,161,2017,
Felix Auger-Aliassime,No,64377,162,2017,
Jurgen Zopp,No,47285,163,2017,
Tommy Robredo,No,232306,164,2017,
Jozef Kovalik,No,132279,165,2017,
Yoshihito Nishioka,No,214339,166,2017,
Stefan Kozlov,No,173581,167,2017,
Soonwoo Kwon,No,61911,168,2017,
Joao Domingues,No,55789,169,2017,
Liam Broady,No,78968,170,2017,
Simone Bolelli,Yes,48009,171,2017,
Alexey Vatutin,No,66888,172,2017,
Darian King,No,172398,173,2017,
Denis Kudla,No,130620,174,2017,
Michael Mmoh,No,147331,175,2017,
Mackenzie McDonald,No,92187,176,2017,
Marcel Granollers,No,339238,177,2017,
Arthur De Greef,No,121328,178,2017,
Aldin Setkic,No,80938,179,2017,
Matthias Bachinger,No,45837,180,2017,
Facundo Bagnis,No,224746,181,2017,
Viktor Galovic,No,47712,182,2017,
Filip Peliwo,No,46508,183,2017,
Jaume Munar,No,43724,184,2017,
Carlos Taberner,No,36785,185,2017,
Jurgen Melzer,Yes,19284,186,2017,
Benjamin Bonzi,No,122531,187,2017,
Vincent Millot,Yes,175306,188,2017,
Alex Bolt,No,81031,189,2017,
Marcelo Arevalo,Yes,22936,190,2017,
Mitchell Krueger,No,130819,191,2017,
Ze Zhang,Yes,91205,192,2017,
Guido Andreozzi,No,100007,193,2017,
Goncalo Oliveira,No,58115,194,2017,
Duckhee Lee,No,96967,195,2017,
Illya Marchenko,No,171382,196,2017,
Kamil Majchrzak,No,43971,197,2017,
Ricardo Ojeda Lara,No,47370,198,2017,
Ernests Gulbis,Yes,317146,199,2017,
Attila Balazs,No,55521,200,2017,
Andy Murray,Yes,13327822,1,2016,
Novak Djokovic,Yes,12630465,2,2016,
Milos Raonic,No,4632684,3,2016,
Stan Wawrinka,No,6099060,4,2016,
Kei Nishikori,No,4324963,5,2016,
Marin Cilic,Yes,3017428,6,2016,
Gael Monfils,No,2957420,7,2016,
Dominic Thiem,No,2775117,8,2016,
Rafael Nadal,Yes,2714278,9,2016,
Tomas Berdych,Yes,2318756,10,2016,
David Goffin,No,2072109,11,2016,
Jo-Wilfried Tsonga,Yes,2027645,12,2016,
Nick Kyrgios,No,1757289,13,2016,
Roberto Bautista Agut,Yes,1905873,14,2016,
Lucas Pouille,Yes,1673931,15,2016,
Roger Federer,Yes,1527269,16,2016,
Grigor Dimitrov,No,1617502,17,2016,
Richard Gasquet,No,1302038,18,2016,
John Isner,Yes,1392560,19,2016,
Ivo Karlovic,Yes,1267348,20,2016,
David Ferrer,Yes,1356930,21,2016,
Pablo Cuevas,No,1270475,22,2016,
Jack Sock,No,1220799,23,2016,
Alexander Zverev,No,1324084,24,2016,
Gilles Simon,No,1209502,25,2016,
Bernard Tomic,No,1085126,26,2016,
Albert Ramos-Vinolas,Yes,1180393,27,2016,
Feliciano Lopez,No,1068603,28,2016,
Viktor Troicki,Yes,1092007,29,2016,
Pablo Carreno Busta,No,990822,30,2016,
Sam Querrey,Yes,1008632,31,2016,
Philipp Kohlschreiber,Yes,915346,32,2016,
Steve Johnson,Yes,1015211,33,2016,
Gilles Muller,Yes,752157,34,2016,
Martin Klizan,No,1051513,35,2016,
Marcos Baghdatis,Yes,948524,36,2016,
Marcel Granollers,No,867768,37,2016,
Juan Martin del Potro,No,902366,38,2016,
Nicolas Mahut,No,1121953,39,2016,
Paolo Lorenzi,Yes,704215,40,2016,
Federico Delbonis,Yes,681684,41,2016,
Fernando Verdasco,Yes,771606,42,2016,
Joao Sousa,No,977039,43,2016,
Nicolas Almagro,Yes,758290,44,2016,
Kyle Edmund,No,729009,45,2016,
Andrey Kuznetsov,No,868237,46,2016,
Benoit Paire,No,844929,47,2016,
Borna Coric,No,672059,48,2016,
Fabio Fognini,Yes,714580,49,2016,
Florian Mayer,No,695103,50,2016,
Mischa Zverev,Yes,494173,51,2016,
Diego Schwartzman,No,441494,52,2016,
Karen Khachanov,Yes,444991,53,2016,
Stephane Robert,No,525756,54,2016,
Jiri Vesely,Yes,636568,55,2016,
Facundo Bagnis,No,287122,56,2016,
Mikhail Youzhny,Yes,543618,57,2016,
Malek Jaziri,Yes,511025,58,2016,
Robin Haase,No,446909,59,2016,
Adrian Mannarino,No,615701,60,2016,
Thomaz Bellucci,Yes,517431,61,2016,
Alexandr Dolgopolov,No,553480,62,2016,
Jan-Lennard Struff,No,370930,63,2016,
Yen-Hsun Lu,Yes,304610,64,2016,
Juan Monaco,No,526668,65,2016,
Daniel Evans,No,390476,66,2016,
Kevin Anderson,Yes,636954,67,2016,
Gerald Melzer,No,174961,68,2016,
Jeremy Chardy,Yes,656383,69,2016,
Guillermo Garcia-Lopez,No,645053,70,2016,
Horacio Zeballos,Yes,91986,71,2016,
Dustin Brown,No,344362,72,2016,
Paul-Henri Mathieu,Yes,484842,73,2016,
Illya Marchenko,No,580368,74,2016,
Adam Pavlasek,No,171484,75,2016,
Taylor Fritz,Yes,473348,76,2016,
Damir Dzumhur,No,535649,77,2016,
Pierre-Hugues Herbert,No,405112,78,2016,
Jordan Thompson,No,278131,79,2016,
Guido Pella,No,612905,80,2016,
Gastao Elias,No,250016,81,2016,
Thiago Monteiro,No,143966,82,2016,
Renzo Olivo,No,236126,83,2016,
John Millman,No,502180,84,2016,
Konstantin Kravchuk,Yes,32091,85,2016,
Steve Darcis,No,232351,86,2016,
Andreas Seppi,Yes,570779,87,2016,
Donald Young,No,460910,88,2016,
Mikhail Kukushkin,No,418888,89,2016,
Ryan Harrison,Yes,360724,90,2016,
Santiago Giraldo,No,311876,91,2016,
Ricardas Berankis,No,359596,92,2016,
Dusan Lajovic,No,463904,93,2016,
Nikoloz Basilashvili,Yes,234428,94,2016,
Carlos Berlocq,Yes,201475,95,2016,
Dudi Sela,Yes,344436,96,2016,
Radu Albot,No,259687,97,2016,
Rogerio Dutra Silva,Yes,210289,98,2016,
Daniil Medvedev,Yes,150271,99,2016,
Yoshihito Nishioka,No,289929,100,2016,
Aljaz Bedene,Yes,441999,101,2016,
Victor Estrella Burgos,No,388180,102,2016,
James Duckworth,No,201084,103,2016,
Hyeon Chung,No,237733,104,2016,
Jared Donaldson,No,335854,105,2016,
Inigo Cervantes,No,53678,106,2016,
Radek Stepanek,No,344611,107,2016,
Frances Tiafoe,No,182813,108,2016,
Sergiy Stakhovsky,Yes,337454,109,2016,
Nicolas Kicker,No,97361,110,2016,
Guido Andreozzi,No,121878,111,2016,
Yuichi Sugita,No,230392,112,2016,
Lukas Rosol,No,440640,113,2016,
Bjorn Fratangelo,No,287848,114,2016,
Daniel Gimeno-Traver,Yes,192556,115,2016,
Stefan Kozlov,No,104851,116,2016,
Jozef Kovalik,No,193074,117,2016,
Tobias Kamke,No,157666,118,2016,
Benjamin Becker,Yes,346447,119,2016,
Marco Chiudinelli,No,186833,120,2016,
Denis Istomin,No,405402,121,2016,
Lukas Lacko,No,240526,122,2016,
Joao Souza,No,84753,123,2016,
Thomas Fabbiano,No,230438,124,2016,
Evgeny Donskoy,Yes,334631,125,2016,
Go Soeda,No,100908,126,2016,
Taro Daniel,No,261605,127,2016,
Alessandro Giannessi,No,148490,128,2016,
Rajeev Ram,Yes,532660,129,2016,
Julien Benneteau,Yes,331430,130,2016,
Denis Kudla,No,371614,131,2016,
Marius Copil,No,139267,132,2016,
Vasek Pospisil,No,478228,133,2016,
Arthur De Greef,No,56036,134,2016,
Peter Polansky,No,99391,135,2016,
Henri Laaksonen,No,121564,136,2016,
Andrej Martin,No,199164,137,2016,
Teymuraz Gabashvili,No,465808,138,2016,
Leonardo Mayer,Yes,308291,139,2016,
Tim Smyczek,Yes,220291,140,2016,
Ernesto Escobedo,No,144173,141,2016,
Norbert Gombos,No,77811,142,2016,
Vincent Millot,Yes,137734,143,2016,
Janko Tipsarevic,Yes,311279,144,2016,
Roberto Carballes Baena,No,149433,145,2016,
Marco Trungelliti,Yes,174996,146,2016,
Ivan Dodig,Yes,553222,147,2016,
Ruben Ramirez Hidalgo,No,60965,148,2016,
Duckhee Lee,No,80131,149,2016,
Maximo Gonzalez,No,64663,150,2016,
Ernests Gulbis,Yes,403035,151,2016,
Darian King,No,70674,152,2016,
Quentin Halys,No,32246,153,2016,
Jason Jung,No,59305,154,2016,
Grega Zemlja,No,93273,155,2016,
Andrey Rublev,No,131887,156,2016,
Luca Vanni,No,94448,157,2016,
Marton Fucsovics,No,117222,158,2016,
Di Wu,No,135221,159,2016,
Elias Ymer,No,105992,160,2016,
Jan Satral,No,136064,161,2016,
Kenny De Schepper,No,137647,162,2016,
Enrique Lopez Perez,No,74648,163,2016,
Albert Montanes,No,190376,164,2016,
Constant Lestienne,No,49964,165,2016,
Steven Diez,No,97021,166,2016,
Ruben Bemelmans,No,125383,167,2016,
Daniel Brands,No,179978,168,2016,
Dennis Novikov,No,190229,169,2016,
Andrew Whittington,No,55741,170,2016,
Tatsuma Ito,No,101220,171,2016,
Stefano Napolitano,No,43113,172,2016,
Hiroki Moriya,No,89520,173,2016,
Aleksandr Nedovyesov,No,8613,174,2016,
Federico Gaio,No,76507,175,2016,
Maximilian Marterer,No,44781,176,2016,
Igor Sijsling,No,183397,177,2016,
Kimmer Coppejans,No,60064,178,2016,
Ilya Ivashka,No,84604,179,2016,
Sam Groth,No,248788,180,2016,
Mirza Basic,No,120475,181,2016,
Michael Berrer,No,150511,182,2016,
Mathias Bourgue,No,129687,183,2016,
Agustin Velotti,No,36899,184,2016,
Laslo Djere,No,80698,185,2016,
Marcelo Arevalo,Yes,25334,186,2016,
Marco Cecchinato,No,171578,187,2016,
Pedro Sousa,No,39820,188,2016,
Peter Gojowczyk,No,96700,189,2016,
Uladzimir Ignatik,No,52907,190,2016,
Tennys Sandgren,No,54453,191,2016,
Saketh Myneni,No,8400,192,2016,
Alexander Kudryavtsev,Yes,117597,193,2016,
James McGee,No,60340,194,2016,
Joris De Loore,No,48992,195,2016,
Matthew Barton,No,131850,196,2016,
Michael Mmoh,No,103038,197,2016,
Marko Tepavac,No,48351,198,2016,
Mohamed Safwat,Yes,52548,199,2016,
Noah Rubin,No,119924,200,2016,
Novak Djokovic,Yes,18267125,1,2015,
Andy Murray,Yes,6720153,2,2015,
Roger Federer,Yes,7802893,3,2015,
Stan Wawrinka,No,5800265,4,2015,
Rafael Nadal,Yes,3856515,5,2015,
Tomas Berdych,Yes,3257923,6,2015,
David Ferrer,Yes,3210628,7,2015,
Kei Nishikori,No,3036326,8,2015,
Richard Gasquet,No,2136996,9,2015,
Jo-Wilfried Tsonga,Yes,1936220,10,2015,
John Isner,Yes,1681843,11,2015,
Kevin Anderson,Yes,1790132,12,2015,
Marin Cilic,Yes,2033976,13,2015,
Milos Raonic,No,1482985,14,2015,
Gilles Simon,No,1437082,15,2015,
David Goffin,No,1116563,16,2015,
Feliciano Lopez,No,1350029,17,2015,
Bernard Tomic,No,1158571,18,2015,
Benoit Paire,No,855641,19,2015,
Dominic Thiem,No,1052937,20,2015,
Fabio Fognini,Yes,1200277,21,2015,
Viktor Troicki,Yes,1079164,22,2015,
Ivo Karlovic,Yes,1097621,23,2015,
Gael Monfils,No,1033018,24,2015,
Roberto Bautista Agut,Yes,1249406,25,2015,
Jack Sock,No,902176,26,2015,
Guillermo Garcia-Lopez,No,949399,27,2015,
Grigor Dimitrov,No,968791,28,2015,
Andreas Seppi,Yes,1028403,29,2015,
Nick Kyrgios,No,961018,30,2015,
Jeremy Chardy,Yes,991907,31,2015,
Steve Johnson,Yes,928660,32,2015,
Joao Sousa,No,848973,33,2015,
Philipp Kohlschreiber,Yes,761540,34,2015,
Leonardo Mayer,Yes,704175,35,2015,
Alexandr Dolgopolov,No,740971,36,2015,
Thomaz Bellucci,Yes,731423,37,2015,
Gilles Muller,Yes,749897,38,2015,
Vasek Pospisil,No,856816,39,2015,
Pablo Cuevas,No,783081,40,2015,
Jiri Vesely,Yes,694121,41,2015,
Tommy Robredo,No,714708,42,2015,
Martin Klizan,No,717474,43,2015,
Borna Coric,No,667986,44,2015,
Aljaz Bedene,Yes,432043,45,2015,
Marcos Baghdatis,Yes,591442,46,2015,
Adrian Mannarino,No,751239,47,2015,
Donald Young,No,671720,48,2015,
Fernando Verdasco,Yes,745138,49,2015,
Teymuraz Gabashvili,No,557160,50,2015,
Hyeon Chung,No,283209,51,2015,
Federico Delbonis,Yes,360186,52,2015,
Juan Monaco,No,548046,53,2015,
Albert Ramos-Vinolas,Yes,492583,54,2015,
Lukas Rosol,No,709955,55,2015,
Victor Estrella Burgos,No,482456,56,2015,
Jerzy Janowicz,No,588781,57,2015,
Simone Bolelli,Yes,626402,58,2015,
Sam Querrey,Yes,526082,59,2015,
Sam Groth,No,503647,60,2015,
Denis Istomin,No,516271,61,2015,
Sergiy Stakhovsky,Yes,630295,62,2015,
Andreas Haider-Maurer,Yes,556485,63,2015,
Pablo Andujar,Yes,701494,64,2015,
Mikhail Kukushkin,No,475570,65,2015,
Robin Haase,No,434629,66,2015,
Pablo Carreno Busta,No,427994,67,2015,
Paolo Lorenzi,Yes,364593,68,2015,
Denis Kudla,No,435070,69,2015,
Santiago Giraldo,No,573526,70,2015,
Nicolas Mahut,No,657992,71,2015,
Inigo Cervantes,No,7287,72,2015,
Nicolas Almagro,Yes,388305,73,2015,
Guido Pella,No,161633,74,2015,
Daniel Munoz de la Nava,No,122588,75,2015,
Dusan Lajovic,No,374745,76,2015,
Yen-Hsun Lu,Yes,460007,77,2015,
Lucas Pouille,Yes,389487,78,2015,
Andrey Kuznetsov,No,293972,79,2015,
Thanasi Kokkinakis,No,436844,80,2015,
Ernests Gulbis,Yes,595541,81,2015,
Damir Dzumhur,No,290160,82,2015,
Alexander Zverev,No,355608,83,2015,
Marcel Granollers,No,515326,84,2015,
Ricardas Berankis,No,410561,85,2015,
Steve Darcis,No,272363,86,2015,
Ivan Dodig,Yes,730581,87,2015,
Diego Schwartzman,No,374619,88,2015,
Rajeev Ram,Yes,205208,89,2015,
Marco Cecchinato,No,157763,90,2015,
Evgeny Donskoy,Yes,206910,91,2015,
John Millman,No,267787,92,2015,
Yuki Bhambri,No,111174,93,2015,
Illya Marchenko,No,215865,94,2015,
Paul-Henri Mathieu,Yes,287741,95,2015,
Taro Daniel,No,137483,96,2015,
Benjamin Becker,Yes,492018,97,2015,
Daniel Gimeno-Traver,Yes,349188,98,2015,
Thiemo de Bakker,No,139119,99,2015,
Dudi Sela,Yes,312117,100,2015,
Filip Krajinovic,No,286602,101,2015,
Kyle Edmund,No,205656,102,2015,
Malek Jaziri,Yes,389614,103,2015,
Austin Krajicek,No,58111,104,2015,
Matthew Ebden,Yes,191054,105,2015,
Luca Vanni,No,233354,106,2015,
Jan-Lennard Struff,No,311633,107,2015,
Nikoloz Basilashvili,Yes,296978,108,2015,
Ruben Bemelmans,No,298028,109,2015,
Tim Smyczek,Yes,294388,110,2015,
Lukas Lacko,No,281271,111,2015,
Carlos Berlocq,Yes,194333,112,2015,
Ryan Harrison,Yes,210665,113,2015,
Marsel Ilhan,No,365197,114,2015,
Michael Berrer,No,263256,115,2015,
Albert Montanes,No,150716,116,2015,
Yoshihito Nishioka,No,184356,117,2015,
Dustin Brown,No,350075,118,2015,
Tatsuma Ito,No,215778,119,2015,
James Duckworth,No,301102,120,2015,
Radu Albot,No,154199,121,2015,
Alejandro Falla,Yes,252966,122,2015,
Edouard Roger-Vasselin,Yes,418908,123,2015,
Horacio Zeballos,Yes,45917,124,2015,
Rogerio Dutra Silva,Yes,55777,125,2015,
Yuichi Sugita,No,169187,126,2015,
Mikhail Youzhny,Yes,406239,127,2015,
Bjorn Fratangelo,No,131206,128,2015,
John-Patrick Smith,No,176272,129,2015,
Kimmer Coppejans,No,104751,130,2015,
Roberto Carballes Baena,No,85424,131,2015,
Go Soeda,No,245181,132,2015,
Gastao Elias,No,102696,133,2015,
Jared Donaldson,No,173920,134,2015,
Mirza Basic,No,62790,135,2015,
Elias Ymer,No,229701,136,2015,
Facundo Arguello,No,111701,137,2015,
Norbert Gombos,No,95474,138,2015,
Konstantin Kravchuk,Yes,12788,139,2015,
Facundo Bagnis,No,123931,140,2015,
Alejandro Gonzalez,No,200466,141,2015,
Joao Souza,No,289545,142,2015,
Adrian Menendez-Maceiras,No,127871,143,2015,
Blaz Rola,No,173757,144,2015,
Igor Sijsling,No,200761,145,2015,
Andrej Martin,No,54484,146,2015,
Maximo Gonzalez,No,61355,147,2015,
Kenny De Schepper,No,201163,148,2015,
Andre Ghem,No,76517,149,2015,
Dennis Novikov,No,73870,150,2015,
Blaz Kavcic,No,217755,151,2015,
Karen Khachanov,Yes,61612,152,2015,
Jarkko Nieminen,Yes,353967,153,2015,
Jordan Thompson,No,71861,154,2015,
Jurgen Melzer,Yes,86874,155,2015,
James Ward,No,283552,156,2015,
Thomas Fabbiano,No,92291,157,2015,
Andrea Arnaboldi,No,154062,158,2015,
Daniel Brands,No,47521,159,2015,
Adam Pavlasek,No,50227,160,2015,
Farrukh Dustov,No,83556,161,2015,
Aleksandr Nedovyesov,No,12568,162,2015,
Jurgen Zopp,No,88682,163,2015,
Alexander Kudryavtsev,Yes,92050,164,2015,
Marius Copil,No,154058,165,2015,
Gerald Melzer,No,94782,166,2015,
Pierre-Hugues Herbert,No,209664,167,2015,
David Guez,No,66576,168,2015,
Adrian Ungur,No,42333,169,2015,
Saketh Myneni,No,13666,170,2015,
Mischa Zverev,Yes,99071,171,2015,
Andrey Rublev,No,157670,172,2015,
Grega Zemlja,No,31038,173,2015,
Laslo Djere,No,48319,174,2015,
Renzo Olivo,No,60687,175,2015,
Hans Podlipnik-Castillo,No,21691,176,2015,
Taylor Fritz,Yes,47165,177,2015,
Guilherme Clezar,No,104101,178,2015,
Frances Tiafoe,No,115268,179,2015,
Somdev Devvarman,No,70044,180,2015,
Vincent Millot,Yes,117853,181,2015,
Nicolas Kicker,No,42380,182,2015,
Matteo Donati,No,84600,183,2015,
Henri Laaksonen,No,40875,184,2015,
Franko Skugor,No,13991,185,2015,
Daniel Evans,No,47914,186,2015,
Brydan Klein,No,10104,187,2015,
Luke Saville,No,119936,188,2015,
Egor Gerasimov,Yes,30114,189,2015,
Ze Zhang,Yes,130763,190,2015,
Aldin Setkic,No,49583,191,2015,
Jordi Samper-Montana,No,40878,192,2015,
Filippo Volandri,No,35745,193,2015,
Michal Przysiezny,No,84875,194,2015,
Peter Gojowczyk,No,92488,195,2015,
Aslan Karatsev,No,69405,196,2015,
Tristan Lamasine,No,60588,197,2015,
Radek Stepanek,No,241038,198,2015,
Alexander Sarkissian,No,44044,199,2015,
Hiroki Moriya,No,123014,200,2015,
Novak Djokovic,Yes,11600528,1,2014,
Roger Federer,Yes,7993989,2,2014,
Rafael Nadal,Yes,6202445,3,2014,
Stan Wawrinka,No,4912119,4,2014,
Kei Nishikori,No,4431365,5,2014,
Andy Murray,Yes,3474824,6,2014,
Tomas Berdych,Yes,3529535,7,2014,
Milos Raonic,No,3194482,8,2014,
Marin Cilic,Yes,4667359,9,2014,
David Ferrer,Yes,2574027,10,2014,
Grigor Dimitrov,No,2559360,11,2014,
Jo-Wilfried Tsonga,Yes,1763984,12,2014,
Ernests Gulbis,Yes,1767577,13,2014,
Feliciano Lopez,No,1399850,14,2014,
Roberto Bautista Agut,Yes,1412579,15,2014,
Kevin Anderson,Yes,1363382,16,2014,
Tommy Robredo,No,1463255,17,2014,
Gael Monfils,No,1281512,18,2014,
John Isner,Yes,1284640,19,2014,
Fabio Fognini,Yes,1085883,20,2014,
Gilles Simon,No,1260732,21,2014,
David Goffin,No,758522,22,2014,
Alexandr Dolgopolov,No,998016,23,2014,
Philipp Kohlschreiber,Yes,1121084,24,2014,
Julien Benneteau,Yes,847123,25,2014,
Richard Gasquet,No,847265,26,2014,
Ivo Karlovic,Yes,869356,27,2014,
Leonardo Mayer,Yes,1046234,28,2014,
Jeremy Chardy,Yes,921069,29,2014,
Pablo Cuevas,No,528384,30,2014,
Lukas Rosol,No,752020,31,2014,
Santiago Giraldo,No,929828,32,2014,
Fernando Verdasco,Yes,799398,33,2014,
Martin Klizan,No,673386,34,2014,
Sam Querrey,Yes,588602,35,2014,
Guillermo Garcia-Lopez,No,800103,36,2014,
Steve Johnson,Yes,499818,37,2014,
Yen-Hsun Lu,Yes,585972,38,2014,
Dominic Thiem,No,717536,39,2014,
Benjamin Becker,Yes,618388,40,2014,
Pablo Andujar,Yes,673282,41,2014,
Jack Sock,No,565344,42,2014,
Jerzy Janowicz,No,738975,43,2014,
Adrian Mannarino,No,514847,44,2014,
Andreas Seppi,Yes,689789,45,2014,
Marcel Granollers,No,725566,46,2014,
Gilles Muller,Yes,234612,47,2014,
Mikhail Youzhny,Yes,693920,48,2014,
Denis Istomin,No,626402,49,2014,
Lleyton Hewitt,Yes,477980,50,2014,
Pablo Carreno Busta,No,532333,51,2014,
Nick Kyrgios,No,638814,52,2014,
Vasek Pospisil,No,632565,53,2014,
Joao Sousa,No,672525,54,2014,
Simone Bolelli,Yes,55808,55,2014,
Bernard Tomic,No,499792,56,2014,
Donald Young,No,518144,57,2014,
Sergiy Stakhovsky,Yes,455054,58,2014,
Jan-Lennard Struff,No,411560,59,2014,
Federico Delbonis,Yes,561477,60,2014,
Diego Schwartzman,No,256652,61,2014,
Juan Monaco,No,449628,62,2014,
Albert Ramos-Vinolas,Yes,353914,63,2014,
Paolo Lorenzi,Yes,317852,64,2014,
Thomaz Bellucci,Yes,380517,65,2014,
Jiri Vesely,Yes,445519,66,2014,
Teymuraz Gabashvili,No,594156,67,2014,
Radek Stepanek,No,499289,68,2014,
Dusan Lajovic,No,518819,69,2014,
Mikhail Kukushkin,No,547266,70,2014,
Nicolas Almagro,Yes,375760,71,2014,
Carlos Berlocq,Yes,430623,72,2014,
Jarkko Nieminen,Yes,566430,73,2014,
Andrey Golubev,No,392313,74,2014,
Marinko Matosevic,No,474814,75,2014,
Malek Jaziri,Yes,307745,76,2014,
Tommy Haas,No,373736,77,2014,
Victor Estrella Burgos,No,326877,78,2014,
Peter Gojowczyk,No,286170,79,2014,
Blaz Rola,No,278471,80,2014,
Sam Groth,No,291068,81,2014,
Andreas Haider-Maurer,Yes,261437,82,2014,
Robin Haase,No,439474,83,2014,
Igor Sijsling,No,482900,84,2014,
Marcos Baghdatis,Yes,278644,85,2014,
Ricardas Berankis,No,205789,86,2014,
Edouard Roger-Vasselin,Yes,603098,87,2014,
Alejandro Falla,Yes,402435,88,2014,
Dustin Brown,No,330144,89,2014,
Joao Souza,No,106448,90,2014,
Alejandro Gonzalez,No,367224,91,2014,
Andrey Kuznetsov,No,350143,92,2014,
Tatsuma Ito,No,191093,93,2014,
Lukas Lacko,No,316909,94,2014,
Ivan Dodig,Yes,443092,95,2014,
Paul-Henri Mathieu,Yes,355081,96,2014,
Tobias Kamke,No,351636,97,2014,
Dudi Sela,Yes,370260,98,2014,
Go Soeda,No,123905,99,2014,
Filip Krajinovic,No,168738,100,2014,
Viktor Troicki,Yes,135527,101,2014,
Borna Coric,No,228517,102,2014,
Maximo Gonzalez,No,64991,103,2014,
Marsel Ilhan,No,164589,104,2014,
Blaz Kavcic,No,231038,105,2014,
Kenny De Schepper,No,366921,106,2014,
James Ward,No,243163,107,2014,
Albert Montanes,No,295358,108,2014,
Damir Dzumhur,No,196296,109,2014,
Dmitry Tursunov,No,469850,110,2014,
Pierre-Hugues Herbert,No,247059,111,2014,
Daniel Gimeno-Traver,Yes,339005,112,2014,
Jurgen Melzer,Yes,194606,113,2014,
Pere Riba,No,238977,114,2014,
Tim Smyczek,Yes,255499,115,2014,
Andreas Beck,Yes,142880,116,2014,
Nicolas Mahut,No,337095,117,2014,
Benoit Paire,No,394566,118,2014,
Alexander Kudryavtsev,Yes,117279,119,2014,
Farrukh Dustov,No,93289,120,2014,
Denis Kudla,No,168077,121,2014,
Victor Hanescu,Yes,303643,122,2014,
Horacio Zeballos,Yes,61502,123,2014,
Jimmy Wang,No,4347,124,2014,
Facundo Bagnis,No,143989,125,2014,
Norbert Gombos,No,96821,126,2014,
James Duckworth,No,174209,127,2014,
Michael Berrer,No,148834,128,2014,
Aleksandr Nedovyesov,No,22853,129,2014,
Evgeny Donskoy,Yes,217202,130,2014,
Yuichi Sugita,No,124125,131,2014,
Gastao Elias,No,136381,132,2014,
Lucas Pouille,Yes,158422,133,2014,
Stephane Robert,No,275644,134,2014,
Adrian Menendez-Maceiras,No,89585,135,2014,
Alexander Zverev,No,164207,136,2014,
Juan Martin del Potro,No,186933,137,2014,
Somdev Devvarman,No,218897,138,2014,
Rajeev Ram,Yes,125212,139,2014,
Jason Kubler,No,44824,140,2014,
Matthias Bachinger,No,148491,141,2014,
Facundo Arguello,No,98117,142,2014,
Illya Marchenko,No,145916,143,2014,
Thiemo de Bakker,No,137521,144,2014,
Aljaz Bedene,Yes,177786,145,2014,
Hiroki Moriya,No,90594,146,2014,
Florian Mayer,No,250039,147,2014,
Bradley Klahn,No,219549,148,2014,
Frank Dancevic,No,7111,149,2014,
Thanasi Kokkinakis,No,137844,150,2014,
Luca Vanni,No,44578,151,2014,
Austin Krajicek,No,55097,152,2014,
Mate Delic,No,86968,153,2014,
Vincent Millot,Yes,112900,154,2014,
Guido Pella,No,80118,155,2014,
John Millman,No,37208,156,2014,
Adrian Ungur,No,67824,157,2014,
Michael Russell,Yes,234758,158,2014,
Marco Cecchinato,No,85561,159,2014,
Steve Darcis,No,83402,160,2014,
Marton Fucsovics,No,88027,161,2014,
Gerald Melzer,No,70145,162,2014,
Potito Starace,No,87622,163,2014,
Luke Saville,No,106516,164,2014,
Andre Ghem,No,70355,165,2014,
Yoshihito Nishioka,No,65663,166,2014,
Roberto Carballes Baena,No,82563,167,2014,
Radu Albot,No,98805,168,2014,
Ante Pavic,No,20136,169,2014,
Lukasz Kubot,No,459750,170,2014,
Wayne Odesnik,No,114457,171,2014,
Marius Copil,No,142633,172,2014,
Hyeon Chung,No,37926,173,2014,
Michal Przysiezny,No,284489,174,2014,
Denys Molchanov,No,9622,175,2014,
Ruben Bemelmans,No,85437,176,2014,
Taro Daniel,No,124138,177,2014,
Nikoloz Basilashvili,Yes,53074,178,2014,
Andrej Martin,No,71854,179,2014,
Kimmer Coppejans,No,59377,180,2014,
Andrea Arnaboldi,No,95708,181,2014,
Alex Kuznetsov,No,6041,182,2014,
Hans Podlipnik-Castillo,No,6852,183,2014,
Julian Reister,No,182253,184,2014,
Ze Zhang,Yes,94208,185,2014,
Peter Polansky,No,138634,186,2014,
Tim Puetz,No,8886,187,2014,
Guido Andreozzi,No,48046,188,2014,
Jurgen Zopp,No,123462,189,2014,
Matteo Viola,No,68286,190,2014,
Ryan Harrison,Yes,213068,191,2014,
Chase Buchanan,No,51064,192,2014,
Jarmere Jenkins,No,29773,193,2014,
Kyle Edmund,No,107246,194,2014,
Jesse Huta Galung,No,120651,195,2014,
Liam Broady,No,25250,196,2014,
Miloslav Mecir,No,105339,197,2014,
Stefano Travaglia,No,42960,198,2014,
Jan Hernych,No,105402,199,2014,
James McGee,No,89539,200,2014,
Rafael Nadal,Yes,12060917,1,2013,
Novak Djokovic,Yes,11186137,2,2013,
David Ferrer,Yes,4079491,3,2013,
Andy Murray,Yes,5366225,4,2013,
Juan Martin del Potro,No,3886964,5,2013,
Roger Federer,Yes,2788912,6,2013,
Tomas Berdych,Yes,2620315,7,2013,
Stan Wawrinka,No,2619187,8,2013,
Richard Gasquet,No,2387177,9,2013,
Jo-Wilfried Tsonga,Yes,1824762,10,2013,
Milos Raonic,No,1575854,11,2013,
Tommy Haas,No,1486057,12,2013,
Nicolas Almagro,Yes,1465641,13,2013,
John Isner,Yes,1213942,14,2013,
Mikhail Youzhny,Yes,1690456,15,2013,
Fabio Fognini,Yes,1269835,16,2013,
Kei Nishikori,No,1162886,17,2013,
Tommy Robredo,No,1166422,18,2013,
Gilles Simon,No,1034185,19,2013,
Kevin Anderson,Yes,992501,20,2013,
Jerzy Janowicz,No,1204257,21,2013,
Philipp Kohlschreiber,Yes,1021927,22,2013,
Grigor Dimitrov,No,929859,23,2013,
Ernests Gulbis,Yes,695243,24,2013,
Andreas Seppi,Yes,929964,25,2013,
Benoit Paire,No,853872,26,2013,
Jurgen Melzer,Yes,138026,27,2013,
Feliciano Lopez,No,818495,28,2013,
Dmitry Tursunov,No,674517,29,2013,
Fernando Verdasco,Yes,875350,30,2013,
Gael Monfils,No,634166,31,2013,
Vasek Pospisil,No,561193,32,2013,
Ivan Dodig,Yes,497006,33,2013,
Jeremy Chardy,Yes,854554,34,2013,
Julien Benneteau,Yes,855243,35,2013,
Janko Tipsarevic,Yes,775917,36,2013,
Marin Cilic,Yes,639368,37,2013,
Marcel Granollers,No,766626,38,2013,
Jarkko Nieminen,Yes,682301,39,2013,
Florian Mayer,No,677398,40,2013,
Carlos Berlocq,Yes,566670,41,2013,
Juan Monaco,No,649358,42,2013,
Robin Haase,No,543285,43,2013,
Radek Stepanek,No,436788,44,2013,
Denis Istomin,No,681140,45,2013,
Sam Querrey,Yes,612092,46,2013,
Lukas Rosol,No,560873,47,2013,
Pablo Andujar,Yes,666003,48,2013,
Joao Sousa,No,494004,49,2013,
Nicolas Mahut,No,210893,50,2013,
Bernard Tomic,No,648750,51,2013,
Edouard Roger-Vasselin,Yes,261494,52,2013,
Nikolay Davydenko,Yes,614138,53,2013,
Daniel Brands,No,518107,54,2013,
Federico Delbonis,Yes,299012,55,2013,
Horacio Zeballos,Yes,151574,56,2013,
Alexandr Dolgopolov,No,599596,57,2013,
Roberto Bautista Agut,Yes,489973,58,2013,
Adrian Mannarino,No,462874,59,2013,
Lleyton Hewitt,Yes,522857,60,2013,
Marinko Matosevic,No,470613,61,2013,
Guillermo Garcia-Lopez,No,395264,62,2013,
Albert Montanes,No,451408,63,2013,
Pablo Carreno Busta,No,175465,64,2013,
Yen-Hsun Lu,Yes,404039,65,2013,
Michal Przysiezny,No,298029,66,2013,
Mikhail Kukushkin,No,271854,67,2013,
Matthew Ebden,Yes,213660,68,2013,
Santiago Giraldo,No,412767,69,2013,
Igor Sijsling,No,454791,70,2013,
Filippo Volandri,No,278051,71,2013,
Lukasz Kubot,No,183470,72,2013,
Dudi Sela,Yes,197103,73,2013,
Tobias Kamke,No,430383,74,2013,
Viktor Troicki,Yes,456797,75,2013,
Teymuraz Gabashvili,No,166718,76,2013,
Daniel Gimeno-Traver,Yes,436808,77,2013,
Ivo Karlovic,Yes,348692,78,2013,
Benjamin Becker,Yes,368167,79,2013,
Victor Hanescu,Yes,447376,80,2013,
Lukas Lacko,No,332405,81,2013,
Andrey Golubev,No,112230,82,2013,
Albert Ramos-Vinolas,Yes,412900,83,2013,
Kenny De Schepper,No,376128,84,2013,
Jiri Vesely,Yes,156651,85,2013,
Julian Reister,No,183764,86,2013,
Marcos Baghdatis,Yes,489881,87,2013,
Alex Bogomolov Jr.,No,252278,88,2013,
Tim Smyczek,Yes,272306,89,2013,
Somdev Devvarman,No,298148,90,2013,
Alejandro Gonzalez,No,115826,91,2013,
Michael Russell,Yes,280279,92,2013,
Aleksandr Nedovyesov,No,13370,93,2013,
Leonardo Mayer,Yes,345468,94,2013,
Aljaz Bedene,Yes,289378,95,2013,
Donald Young,No,140705,96,2013,
Bradley Klahn,No,135122,97,2013,
Sergiy Stakhovsky,Yes,324781,98,2013,
Alejandro Falla,Yes,350139,99,2013,
Ryan Harrison,Yes,342699,100,2013,
Jesse Huta Galung,No,107888,101,2013,
Jack Sock,No,288901,102,2013,
Go Soeda,No,289030,103,2013,
Blaz Kavcic,No,294717,104,2013,
Michael Llodra,Yes,352747,105,2013,
Jan Hajek,No,262178,106,2013,
Jan-Lennard Struff,No,236353,107,2013,
Martin Klizan,No,430411,108,2013,
Paolo Lorenzi,Yes,364039,109,2013,
David Goffin,No,353915,110,2013,
Dustin Brown,No,167544,111,2013,
Andreas Haider-Maurer,Yes,193660,112,2013,
Evgeny Donskoy,Yes,387738,113,2013,
Denis Kudla,No,250001,114,2013,
Stephane Robert,No,161137,115,2013,
Dusan Lajovic,No,101427,116,2013,
Diego Schwartzman,No,113026,117,2013,
Guido Pella,No,251559,118,2013,
Adrian Ungur,No,200732,119,2013,
Marc Gicquel,Yes,145048,120,2013,
Grega Zemlja,No,371241,121,2013,
Frank Dancevic,No,6546,122,2013,
Facundo Bagnis,No,52754,123,2013,
Facundo Arguello,No,71750,124,2013,
Thomaz Bellucci,Yes,255751,125,2013,
Pere Riba,No,75180,126,2013,
Rajeev Ram,Yes,91586,127,2013,
Andrej Martin,No,89426,128,2013,
Paul-Henri Mathieu,Yes,330885,129,2013,
Rhyne Williams,No,212934,130,2013,
Ricardas Berankis,No,293215,131,2013,
Rogerio Dutra Silva,Yes,167045,132,2013,
Martin Alund,No,164246,133,2013,
Andrey Kuznetsov,No,310142,134,2013,
Xavier Malisse,No,331574,135,2013,
James Duckworth,No,196026,136,2013,
Guillaume Rufin,No,282755,137,2013,
Wayne Odesnik,No,121519,138,2013,
Dominic Thiem,No,63771,139,2013,
Joao Souza,No,83789,140,2013,
Peter Polansky,No,86145,141,2013,
Alex Kuznetsov,No,13350,142,2013,
Michael Berrer,No,116935,143,2013,
Victor Estrella Burgos,No,66000,144,2013,
Guido Andreozzi,No,53075,145,2013,
Thiemo de Bakker,No,207712,146,2013,
Marius Copil,No,96222,147,2013,
Ruben Bemelmans,No,132580,148,2013,
Jesse Levine,No,242974,149,2013,
Daniel Evans,No,139869,150,2013,
Pierre-Hugues Herbert,No,91263,151,2013,
Potito Starace,No,59380,152,2013,
James Blake,No,251994,153,2013,
Paul Capdeville,No,66044,154,2013,
Tatsuma Ito,No,167067,155,2013,
Steve Johnson,Yes,211429,156,2013,
Maximo Gonzalez,No,6657,157,2013,
Guilherme Clezar,No,64892,158,2013,
Matthias Bachinger,No,114285,159,2013,
Matteo Viola,No,136799,160,2013,
James Ward,No,105764,161,2013,
Peter Gojowczyk,No,101247,162,2013,
Marco Cecchinato,No,47814,163,2013,
Steve Darcis,No,170357,164,2013,
Illya Marchenko,No,105583,165,2013,
Ruben Ramirez Hidalgo,No,95923,166,2013,
Cedrik-Marcel Stebe,No,94862,167,2013,
Malek Jaziri,Yes,85055,168,2013,
Radu Albot,No,49917,169,2013,
Yuichi Sugita,No,67115,170,2013,
Rik De Voest,Yes,68544,171,2013,
Sam Groth,No,67154,172,2013,
Marco Chiudinelli,No,88039,173,2013,
Jimmy Wang,No,15377,174,2013,
Gastao Elias,No,93755,175,2013,
Mischa Zverev,Yes,119246,176,2013,
David Guez,No,44613,177,2013,
Konstantin Kravchuk,Yes,16533,178,2013,
Bobby Reynolds,No,109136,179,2013,
Thomas Fabbiano,No,64526,180,2013,
Marton Fucsovics,No,43733,181,2013,
Nick Kyrgios,No,100679,182,2013,
Tennys Sandgren,No,49573,183,2013,
Blaz Rola,No,25491,184,2013,
Marsel Ilhan,No,57667,185,2013,
Andreas Beck,Yes,67346,186,2013,
Damir Dzumhur,No,40219,187,2013,
Flavio Cipolla,No,139503,188,2013,
Amir Weintraub,No,106405,189,2013,
John Millman,No,67569,190,2013,
Renzo Olivo,No,45287,191,2013,
Martin Fischer,No,77417,192,2013,
Maxime Teixeira,No,75264,193,2013,
Daniel Munoz de la Nava,No,129533,194,2013,
Yuki Bhambri,No,36376,195,2013,
Kristijan Mesaros,No,26156,196,2013,
Norbert Gombos,No,29638,197,2013,
Mohamed Safwat,Yes,42865,198,2013,
Niels Desein,No,4180,199,2013,
Pedro Sousa,No,32597,200,2013,
Novak Djokovic,Yes,10449923,1,2012,
Roger Federer,Yes,7424843,2,2012,
Andy Murray,Yes,5100273,3,2012,
Rafael Nadal,Yes,4867664,4,2012,
David Ferrer,Yes,4015855,5,2012,
Tomas Berdych,Yes,2555803,6,2012,
Juan Martin del Potro,No,2769180,7,2012,
Jo-Wilfried Tsonga,Yes,2130515,8,2012,
Janko Tipsarevic,Yes,1736151,9,2012,
Richard Gasquet,No,1390369,10,2012,
Nicolas Almagro,Yes,1375995,11,2012,
Juan Monaco,No,1213800,12,2012,
Milos Raonic,No,1155895,13,2012,
John Isner,Yes,1267802,14,2012,
Marin Cilic,Yes,1091939,15,2012,
Gilles Simon,No,1067734,16,2012,
Stan Wawrinka,No,876692,17,2012,
Alexandr Dolgopolov,No,1109930,18,2012,
Kei Nishikori,No,1026183,19,2012,
Philipp Kohlschreiber,Yes,1021504,20,2012,
Tommy Haas,No,803056,21,2012,
Sam Querrey,Yes,783802,22,2012,
Andreas Seppi,Yes,852988,23,2012,
Fernando Verdasco,Yes,819124,24,2012,
Mikhail Youzhny,Yes,824396,25,2012,
Jerzy Janowicz,No,469587,26,2012,
Mardy Fish,Yes,612555,27,2012,
Florian Mayer,No,747236,28,2012,
Jurgen Melzer,Yes,189300,29,2012,
Martin Klizan,No,427335,30,2012,
Radek Stepanek,No,622235,31,2012,
Jeremy Chardy,Yes,482574,32,2012,
Thomaz Bellucci,Yes,532154,33,2012,
Marcel Granollers,No,589760,34,2012,
Julien Benneteau,Yes,591247,35,2012,
Marcos Baghdatis,Yes,553169,36,2012,
Kevin Anderson,Yes,632064,37,2012,
Viktor Troicki,Yes,695399,38,2012,
Andy Roddick,No,543586,39,2012,
Feliciano Lopez,No,685643,40,2012,
Jarkko Nieminen,Yes,503628,41,2012,
Pablo Andujar,Yes,566868,42,2012,
Denis Istomin,No,549563,43,2012,
Nikolay Davydenko,Yes,498941,44,2012,
Fabio Fognini,Yes,464383,45,2012,
David Goffin,No,360104,46,2012,
Benoit Paire,No,467451,47,2012,
Grigor Dimitrov,No,405210,48,2012,
Marinko Matosevic,No,330778,49,2012,
Albert Ramos-Vinolas,Yes,527948,50,2012,
Lukas Lacko,No,380645,51,2012,
Bernard Tomic,No,495172,52,2012,
Michael Llodra,Yes,454775,53,2012,
Alejandro Falla,Yes,404884,54,2012,
Grega Zemlja,No,255276,55,2012,
Robin Haase,No,441876,56,2012,
Santiago Giraldo,No,364577,57,2012,
Paul-Henri Mathieu,Yes,377331,58,2012,
Yen-Hsun Lu,Yes,320315,59,2012,
Go Soeda,No,279036,60,2012,
Brian Baker,Yes,19522,61,2012,
Victor Hanescu,Yes,244282,62,2012,
Xavier Malisse,No,416432,63,2012,
Paolo Lorenzi,Yes,275321,64,2012,
Benjamin Becker,Yes,310770,65,2012,
Carlos Berlocq,Yes,481339,66,2012,
Gilles Muller,Yes,344591,67,2012,
Igor Sijsling,No,219648,68,2012,
Ryan Harrison,Yes,390628,69,2012,
Daniel Gimeno-Traver,Yes,223979,70,2012,
Leonardo Mayer,Yes,311278,71,2012,
Ivan Dodig,Yes,143856,72,2012,
Lukas Rosol,No,344242,73,2012,
Lukasz Kubot,No,149835,74,2012,
Bjorn Phau,No,259846,75,2012,
Guillermo Garcia-Lopez,No,387146,76,2012,
Gael Monfils,No,350599,77,2012,
Andrey Kuznetsov,No,128006,78,2012,
Tatsuma Ito,No,241303,79,2012,
Roberto Bautista Agut,Yes,171425,80,2012,
Evgeny Donskoy,Yes,106274,81,2012,
David Nalbandian,No,325264,82,2012,
Lleyton Hewitt,Yes,340113,83,2012,
Simone Bolelli,Yes,37812,84,2012,
Horacio Zeballos,Yes,57511,85,2012,
Aljaz Bedene,Yes,121222,86,2012,
Michael Russell,Yes,215529,87,2012,
Filippo Volandri,No,307752,88,2012,
Jurgen Zopp,No,205319,89,2012,
Olivier Rochus,No,310183,90,2012,
Ruben Ramirez Hidalgo,No,199962,91,2012,
Guillaume Rufin,No,170842,92,2012,
Steve Darcis,No,270737,93,2012,
Blaz Kavcic,No,199752,94,2012,
Flavio Cipolla,No,351554,95,2012,
Albert Montanes,No,262508,96,2012,
Guido Pella,No,148677,97,2012,
Tobias Kamke,No,264261,98,2012,
Adrian Ungur,No,200096,99,2012,
Ivo Karlovic,Yes,304693,100,2012,
Joao Sousa,No,121284,101,2012,
Edouard Roger-Vasselin,Yes,120375,102,2012,
Sergiy Stakhovsky,Yes,339436,103,2012,
Jesse Levine,No,241782,104,2012,
Matthew Ebden,Yes,340582,105,2012,
Jan Hajek,No,140387,106,2012,
Mikhail Kukushkin,No,311080,107,2012,
Nicolas Mahut,No,111565,108,2012,
Dudi Sela,Yes,223687,109,2012,
Igor Andreev,No,244489,110,2012,
Ruben Bemelmans,No,136802,111,2012,
Andreas Haider-Maurer,Yes,82315,112,2012,
Ricardas Berankis,No,147390,113,2012,
Tommy Robredo,No,146214,114,2012,
Philipp Petzschner,Yes,177588,115,2012,
Malek Jaziri,Yes,197699,116,2012,
Yuichi Sugita,No,103105,117,2012,
Florent Serra,No,189972,118,2012,
Kenny De Schepper,No,125514,119,2012,
Josselin Ouanna,No,75781,120,2012,
Martin Alund,No,59816,121,2012,
Dmitry Tursunov,No,205621,122,2012,
Matthias Bachinger,No,238030,123,2012,
Thiemo de Bakker,No,67115,124,2012,
Vasek Pospisil,No,174624,125,2012,
Rogerio Dutra Silva,Yes,124317,126,2012,
James Blake,No,250375,127,2012,
Tim Smyczek,Yes,122918,128,2012,
Alex Bogomolov Jr.,No,358283,129,2012,
Thiago Alves,No,77468,130,2012,
Antonio Veic,No,83430,131,2012,
Rajeev Ram,Yes,124690,132,2012,
Federico Delbonis,Yes,125955,133,2012,
Fred Gil,No,197728,134,2012,
Matteo Viola,No,97213,135,2012,
Ernests Gulbis,Yes,243210,136,2012,
Denis Kudla,No,137204,137,2012,
Michael Berrer,No,168684,138,2012,
Gastao Elias,No,65863,139,2012,
Illya Marchenko,No,66771,140,2012,
Karol Beck,No,170161,141,2012,
Ryan Sweeting,No,164395,142,2012,
Wayne Odesnik,No,103333,143,2012,
Joao Souza,No,128934,144,2012,
Uladzimir Ignatik,No,55527,145,2012,
Marco Chiudinelli,No,130979,146,2012,
Inigo Cervantes,No,7903,147,2012,
Bobby Reynolds,No,109971,148,2012,
Danai Udomchoke,No,76410,149,2012,
Jack Sock,No,143419,150,2012,
Simon Greul,No,53133,151,2012,
Marc Gicquel,Yes,68870,152,2012,
Daniel Brands,No,130823,153,2012,
Jonathan Dasnieres de Veigy,No,84901,154,2012,
Ivan Sergeyev,No,6785,155,2012,
Jimmy Wang,No,10355,156,2012,
Maxime Authom,No,79730,157,2012,
Ze Zhang,Yes,120057,158,2012,
Mischa Zverev,Yes,90283,159,2012,
Marius Copil,No,86939,160,2012,
Andrey Golubev,No,112137,161,2012,
Igor Kunitsyn,Yes,235912,162,2012,
Dusan Lajovic,No,51803,163,2012,
Potito Starace,No,214623,164,2012,
Frank Dancevic,No,3118,165,2012,
Paul Capdeville,No,64892,166,2012,
Dustin Brown,No,96531,167,2012,
Jan-Lennard Struff,No,36063,168,2012,
Boris Pashanski,No,27802,169,2012,
Hiroki Moriya,No,80092,170,2012,
Daniel Munoz de la Nava,No,91651,171,2012,
Agustin Velotti,No,37825,172,2012,
Guido Andreozzi,No,50574,173,2012,
Dominik Meffert,No,44395,174,2012,
Steve Johnson,Yes,119901,175,2012,
Juan Ignacio Chela,Yes,209833,176,2012,
Cedrik-Marcel Stebe,No,221132,177,2012,
Sergio Gutierrez-Ferrol,No,47257,178,2012,
Diego Schwartzman,No,30391,179,2012,
Peter Polansky,No,66996,180,2012,
Peter Gojowczyk,No,72412,181,2012,
Teymuraz Gabashvili,No,85099,182,2012,
Di Wu,No,52741,183,2012,
Javier Marti,No,88160,184,2012,
Jan Mertl,No,6118,185,2012,
Jorge Aguilar,No,26228,186,2012,
Sergei Bubka,Yes,114300,187,2012,
Adrian Menendez-Maceiras,No,65299,188,2012,
Ivo Minar,No,49887,189,2012,
Donald Young,No,256315,190,2012,
Rhyne Williams,No,52845,191,2012,
Adrian Mannarino,No,117869,192,2012,
Jan Hernych,No,55658,193,2012,
Facundo Arguello,No,27384,194,2012,
Amir Weintraub,No,43623,195,2012,
Yannick Mertens,No,60622,196,2012,
Arnau Brugues-Davi,No,55713,197,2012,
Gianluca Naso,No,48154,198,2012,
John Millman,No,34785,199,2012,
Marco Trungelliti,Yes,43482,200,2012,
Novak Djokovic,Yes,10449923,1,2012,
Roger Federer,Yes,7424843,2,2012,
Andy Murray,Yes,5100273,3,2012,
Rafael Nadal,Yes,4867664,4,2012,
David Ferrer,Yes,4015855,5,2012,
Tomas Berdych,Yes,2555803,6,2012,
Juan Martin del Potro,No,2769180,7,2012,
Jo-Wilfried Tsonga,Yes,2130515,8,2012,
Janko Tipsarevic,Yes,1736151,9,2012,
Richard Gasquet,No,1390369,10,2012,
Nicolas Almagro,Yes,1375995,11,2012,
Juan Monaco,No,1213800,12,2012,
Milos Raonic,No,1155895,13,2012,
John Isner,Yes,1267802,14,2012,
Marin Cilic,Yes,1091939,15,2012,
Gilles Simon,No,1067734,16,2012,
Stan Wawrinka,No,876692,17,2012,
Alexandr Dolgopolov,No,1109930,18,2012,
Kei Nishikori,No,1026183,19,2012,
Philipp Kohlschreiber,Yes,1021504,20,2012,
Tommy Haas,No,803056,21,2012,
Sam Querrey,Yes,783802,22,2012,
Andreas Seppi,Yes,852988,23,2012,
Fernando Verdasco,Yes,819124,24,2012,
Mikhail Youzhny,Yes,824396,25,2012,
Jerzy Janowicz,No,469587,26,2012,
Mardy Fish,Yes,612555,27,2012,
Florian Mayer,No,747236,28,2012,
Jurgen Melzer,Yes,189300,29,2012,
Martin Klizan,No,427335,30,2012,
Radek Stepanek,No,622235,31,2012,
Jeremy Chardy,Yes,482574,32,2012,
Thomaz Bellucci,Yes,532154,33,2012,
Marcel Granollers,No,589760,34,2012,
Julien Benneteau,Yes,591247,35,2012,
Marcos Baghdatis,Yes,553169,36,2012,
Kevin Anderson,Yes,632064,37,2012,
Viktor Troicki,Yes,695399,38,2012,
Andy Roddick,No,543586,39,2012,
Feliciano Lopez,No,685643,40,2012,
Jarkko Nieminen,Yes,503628,41,2012,
Pablo Andujar,Yes,566868,42,2012,
Denis Istomin,No,549563,43,2012,
Nikolay Davydenko,Yes,498941,44,2012,
Fabio Fognini,Yes,464383,45,2012,
David Goffin,No,360104,46,2012,
Benoit Paire,No,467451,47,2012,
Grigor Dimitrov,No,405210,48,2012,
Marinko Matosevic,No,330778,49,2012,
Albert Ramos-Vinolas,Yes,527948,50,2012,
Lukas Lacko,No,380645,51,2012,
Bernard Tomic,No,495172,52,2012,
Michael Llodra,Yes,454775,53,2012,
Alejandro Falla,Yes,404884,54,2012,
Grega Zemlja,No,255276,55,2012,
Robin Haase,No,441876,56,2012,
Santiago Giraldo,No,364577,57,2012,
Paul-Henri Mathieu,Yes,377331,58,2012,
Yen-Hsun Lu,Yes,320315,59,2012,
Go Soeda,No,279036,60,2012,
Brian Baker,Yes,19522,61,2012,
Victor Hanescu,Yes,244282,62,2012,
Xavier Malisse,No,416432,63,2012,
Paolo Lorenzi,Yes,275321,64,2012,
Benjamin Becker,Yes,310770,65,2012,
Carlos Berlocq,Yes,481339,66,2012,
Gilles Muller,Yes,344591,67,2012,
Igor Sijsling,No,219648,68,2012,
Ryan Harrison,Yes,390628,69,2012,
Daniel Gimeno-Traver,Yes,223979,70,2012,
Leonardo Mayer,Yes,311278,71,2012,
Ivan Dodig,Yes,143856,72,2012,
Lukas Rosol,No,344242,73,2012,
Lukasz Kubot,No,149835,74,2012,
Bjorn Phau,No,259846,75,2012,
Guillermo Garcia-Lopez,No,387146,76,2012,
Gael Monfils,No,350599,77,2012,
Andrey Kuznetsov,No,128006,78,2012,
Tatsuma Ito,No,241303,79,2012,
Roberto Bautista Agut,Yes,171425,80,2012,
Evgeny Donskoy,Yes,106274,81,2012,
David Nalbandian,No,325264,82,2012,
Lleyton Hewitt,Yes,340113,83,2012,
Simone Bolelli,Yes,37812,84,2012,
Horacio Zeballos,Yes,57511,85,2012,
Aljaz Bedene,Yes,121222,86,2012,
Michael Russell,Yes,215529,87,2012,
Filippo Volandri,No,307752,88,2012,
Jurgen Zopp,No,205319,89,2012,
Olivier Rochus,No,310183,90,2012,
Ruben Ramirez Hidalgo,No,199962,91,2012,
Guillaume Rufin,No,170842,92,2012,
Steve Darcis,No,270737,93,2012,
Blaz Kavcic,No,199752,94,2012,
Flavio Cipolla,No,351554,95,2012,
Albert Montanes,No,262508,96,2012,
Guido Pella,No,148677,97,2012,
Tobias Kamke,No,264261,98,2012,
Adrian Ungur,No,200096,99,2012,
Ivo Karlovic,Yes,304693,100,2012,
Joao Sousa,No,121284,101,2012,
Edouard Roger-Vasselin,Yes,120375,102,2012,
Sergiy Stakhovsky,Yes,339436,103,2012,
Jesse Levine,No,241782,104,2012,
Matthew Ebden,Yes,340582,105,2012,
Jan Hajek,No,140387,106,2012,
Mikhail Kukushkin,No,311080,107,2012,
Nicolas Mahut,No,111565,108,2012,
Dudi Sela,Yes,223687,109,2012,
Igor Andreev,No,244489,110,2012,
Ruben Bemelmans,No,136802,111,2012,
Andreas Haider-Maurer,Yes,82315,112,2012,
Ricardas Berankis,No,147390,113,2012,
Tommy Robredo,No,146214,114,2012,
Philipp Petzschner,Yes,177588,115,2012,
Malek Jaziri,Yes,197699,116,2012,
Yuichi Sugita,No,103105,117,2012,
Florent Serra,No,189972,118,2012,
Kenny De Schepper,No,125514,119,2012,
Josselin Ouanna,No,75781,120,2012,
Martin Alund,No,59816,121,2012,
Dmitry Tursunov,No,205621,122,2012,
Matthias Bachinger,No,238030,123,2012,
Thiemo de Bakker,No,67115,124,2012,
Vasek Pospisil,No,174624,125,2012,
Rogerio Dutra Silva,Yes,124317,126,2012,
James Blake,No,250375,127,2012,
Tim Smyczek,Yes,122918,128,2012,
Alex Bogomolov Jr.,No,358283,129,2012,
Thiago Alves,No,77468,130,2012,
Antonio Veic,No,83430,131,2012,
Rajeev Ram,Yes,124690,132,2012,
Federico Delbonis,Yes,125955,133,2012,
Fred Gil,No,197728,134,2012,
Matteo Viola,No,97213,135,2012,
Ernests Gulbis,Yes,243210,136,2012,
Denis Kudla,No,137204,137,2012,
Michael Berrer,No,168684,138,2012,
Gastao Elias,No,65863,139,2012,
Illya Marchenko,No,66771,140,2012,
Karol Beck,No,170161,141,2012,
Ryan Sweeting,No,164395,142,2012,
Wayne Odesnik,No,103333,143,2012,
Joao Souza,No,128934,144,2012,
Uladzimir Ignatik,No,55527,145,2012,
Marco Chiudinelli,No,130979,146,2012,
Inigo Cervantes,No,7903,147,2012,
Bobby Reynolds,No,109971,148,2012,
Danai Udomchoke,No,76410,149,2012,
Jack Sock,No,143419,150,2012,
Simon Greul,No,53133,151,2012,
Marc Gicquel,Yes,68870,152,2012,
Daniel Brands,No,130823,153,2012,
Jonathan Dasnieres de Veigy,No,84901,154,2012,
Ivan Sergeyev,No,6785,155,2012,
Jimmy Wang,No,10355,156,2012,
Maxime Authom,No,79730,157,2012,
Ze Zhang,Yes,120057,158,2012,
Mischa Zverev,Yes,90283,159,2012,
Marius Copil,No,86939,160,2012,
Andrey Golubev,No,112137,161,2012,
Igor Kunitsyn,Yes,235912,162,2012,
Dusan Lajovic,No,51803,163,2012,
Potito Starace,No,214623,164,2012,
Frank Dancevic,No,3118,165,2012,
Paul Capdeville,No,64892,166,2012,
Dustin Brown,No,96531,167,2012,
Jan-Lennard Struff,No,36063,168,2012,
Boris Pashanski,No,27802,169,2012,
Hiroki Moriya,No,80092,170,2012,
Daniel Munoz de la Nava,No,91651,171,2012,
Agustin Velotti,No,37825,172,2012,
Guido Andreozzi,No,50574,173,2012,
Dominik Meffert,No,44395,174,2012,
Steve Johnson,Yes,119901,175,2012,
Juan Ignacio Chela,Yes,209833,176,2012,
Cedrik-Marcel Stebe,No,221132,177,2012,
Sergio Gutierrez-Ferrol,No,47257,178,2012,
Diego Schwartzman,No,30391,179,2012,
Peter Polansky,No,66996,180,2012,
Peter Gojowczyk,No,72412,181,2012,
Teymuraz Gabashvili,No,85099,182,2012,
Di Wu,No,52741,183,2012,
Javier Marti,No,88160,184,2012,
Jan Mertl,No,6118,185,2012,
Jorge Aguilar,No,26228,186,2012,
Sergei Bubka,Yes,114300,187,2012,
Adrian Menendez-Maceiras,No,65299,188,2012,
Ivo Minar,No,49887,189,2012,
Donald Young,No,256315,190,2012,
Rhyne Williams,No,52845,191,2012,
Adrian Mannarino,No,117869,192,2012,
Jan Hernych,No,55658,193,2012,
Facundo Arguello,No,27384,194,2012,
Amir Weintraub,No,43623,195,2012,
Yannick Mertens,No,60622,196,2012,
Arnau Brugues-Davi,No,55713,197,2012,
Gianluca Naso,No,48154,198,2012,
John Millman,No,34785,199,2012,
Marco Trungelliti,Yes,43482,200,2012,
Novak Djokovic,Yes,10995903,1,2011,
Rafael Nadal,Yes,6603220,2,2011,
Roger Federer,Yes,5695726,3,2011,
Andy Murray,Yes,4588236,4,2011,
David Ferrer,Yes,2784856,5,2011,
Jo-Wilfried Tsonga,Yes,2803438,6,2011,
Tomas Berdych,Yes,2246129,7,2011,
Mardy Fish,Yes,1605629,8,2011,
Janko Tipsarevic,Yes,1414588,9,2011,
Nicolas Almagro,Yes,1336187,10,2011,
Juan Martin del Potro,No,1025094,11,2011,
Gilles Simon,No,1202336,12,2011,
Robin Soderling,No,1323836,13,2011,
Andy Roddick,No,1000700,14,2011,
Alexandr Dolgopolov,No,1027621,15,2011,
Gael Monfils,No,1061670,16,2011,
Stan Wawrinka,No,897115,17,2011,
John Isner,Yes,989679,18,2011,
Richard Gasquet,No,875204,19,2011,
Feliciano Lopez,No,928637,20,2011,
Marin Cilic,Yes,1052754,21,2011,
Viktor Troicki,Yes,896119,22,2011,
Florian Mayer,No,936791,23,2011,
Fernando Verdasco,Yes,781150,24,2011,
Kei Nishikori,No,745364,25,2011,
Juan Monaco,No,821783,26,2011,
Marcel Granollers,No,978260,27,2011,
Radek Stepanek,No,691712,28,2011,
Juan Ignacio Chela,Yes,731458,29,2011,
Ivan Ljubicic,Yes,711691,30,2011,
Milos Raonic,No,649501,31,2011,
Kevin Anderson,Yes,700879,32,2011,
Jurgen Melzer,Yes,450391,33,2011,
Alex Bogomolov Jr.,No,487595,34,2011,
Mikhail Youzhny,Yes,684145,35,2011,
Ivan Dodig,Yes,78760,36,2011,
Thomaz Bellucci,Yes,639354,37,2011,
Andreas Seppi,Yes,528287,38,2011,
Donald Young,No,406036,39,2011,
Dmitry Tursunov,No,440460,40,2011,
Nikolay Davydenko,Yes,642809,41,2011,
Bernard Tomic,No,490224,42,2011,
Philipp Kohlschreiber,Yes,699649,43,2011,
Marcos Baghdatis,Yes,588435,44,2011,
Robin Haase,No,509350,45,2011,
Pablo Andujar,Yes,530351,46,2011,
Michael Llodra,Yes,540858,47,2011,
Fabio Fognini,Yes,589906,48,2011,
Xavier Malisse,No,528244,49,2011,
Juan Carlos Ferrero,No,478627,50,2011,
Tommy Robredo,No,406786,51,2011,
Julien Benneteau,Yes,382382,52,2011,
Albert Montanes,No,552822,53,2011,
Gilles Muller,Yes,349597,54,2011,
Santiago Giraldo,No,463612,55,2011,
Ivo Karlovic,Yes,413168,56,2011,
Lukasz Kubot,No,127506,57,2011,
Potito Starace,No,423172,58,2011,
James Blake,No,292334,59,2011,
Carlos Berlocq,Yes,346934,60,2011,
Ernests Gulbis,Yes,461859,61,2011,
Sergiy Stakhovsky,Yes,484509,62,2011,
Philipp Petzschner,Yes,471140,63,2011,
David Nalbandian,No,320027,64,2011,
Guillermo Garcia-Lopez,No,540069,65,2011,
Albert Ramos-Vinolas,Yes,258482,66,2011,
Olivier Rochus,No,276632,67,2011,
Rui Machado,No,228966,68,2011,
Filippo Volandri,No,288246,69,2011,
Lukas Rosol,No,252121,70,2011,
Igor Kunitsyn,Yes,337807,71,2011,
Ryan Sweeting,No,322141,72,2011,
Denis Istomin,No,295586,73,2011,
Alejandro Falla,Yes,286820,74,2011,
Flavio Cipolla,No,244485,75,2011,
Grigor Dimitrov,No,356469,76,2011,
Jarkko Nieminen,Yes,439168,77,2011,
Leonardo Mayer,Yes,164853,78,2011,
Ryan Harrison,Yes,303872,79,2011,
Nicolas Mahut,No,83800,80,2011,
Cedrik-Marcel Stebe,No,191295,81,2011,
Yen-Hsun Lu,Yes,325481,82,2011,
Dudi Sela,Yes,234872,83,2011,
Somdev Devvarman,No,342297,84,2011,
Ricardo Mello,No,216020,85,2011,
Matthew Ebden,Yes,210330,86,2011,
Adrian Mannarino,No,336492,87,2011,
Steve Darcis,No,184831,88,2011,
Pere Riba,No,319798,89,2011,
Victor Hanescu,Yes,357163,90,2011,
Mikhail Kukushkin,No,335981,91,2011,
Blaz Kavcic,No,241237,92,2011,
Sam Querrey,Yes,321222,93,2011,
Matthias Bachinger,No,176996,94,2011,
Benoit Paire,No,200812,95,2011,
Tobias Kamke,No,321950,96,2011,
Eric Prodon,No,119815,97,2011,
Andreas Beck,Yes,138129,98,2011,
Michael Russell,Yes,253139,99,2011,
Michael Berrer,No,332005,100,2011,
Karol Beck,No,201052,101,2011,
Fred Gil,No,276110,102,2011,
Jeremy Chardy,Yes,256762,103,2011,
Joao Souza,No,146605,104,2011,
Stephane Robert,No,140615,105,2011,
Edouard Roger-Vasselin,Yes,31869,106,2011,
Daniel Gimeno-Traver,Yes,329905,107,2011,
Paolo Lorenzi,Yes,97080,108,2011,
Horacio Zeballos,Yes,42701,109,2011,
Daniel Brands,No,189392,110,2011,
Marsel Ilhan,No,209973,111,2011,
Lukas Lacko,No,167504,112,2011,
Izak Van der Merwe,No,99531,113,2011,
Adrian Ungur,No,94751,114,2011,
Igor Andreev,No,318013,115,2011,
Grega Zemlja,No,123877,116,2011,
Martin Klizan,No,93588,117,2011,
Malek Jaziri,Yes,79465,118,2011,
Vasek Pospisil,No,114668,119,2011,
Go Soeda,No,132262,120,2011,
Maximo Gonzalez,No,42349,121,2011,
Tatsuma Ito,No,94520,122,2011,
Diego Junqueira,No,108486,123,2011,
Rogerio Dutra Silva,Yes,99889,124,2011,
Ricardas Berankis,No,167869,125,2011,
Rik De Voest,Yes,127388,126,2011,
Bobby Reynolds,No,103197,127,2011,
Andreas Haider-Maurer,Yes,204312,128,2011,
Wayne Odesnik,No,53476,129,2011,
Ruben Ramirez Hidalgo,No,207545,130,2011,
Paul Capdeville,No,109871,131,2011,
Rainer Schuettler,No,180364,132,2011,
Thomas Schoorel,No,115445,133,2011,
Simone Bolelli,Yes,126598,134,2011,
Alessandro Giannessi,No,59703,135,2011,
Pablo Carreno Busta,No,49834,136,2011,
Arnau Brugues-Davi,No,56614,137,2011,
Teymuraz Gabashvili,No,247356,138,2011,
Kenny De Schepper,No,78167,139,2011,
Daniel Munoz de la Nava,No,80867,140,2011,
Jan Hajek,No,127477,141,2011,
Pablo Cuevas,No,182308,142,2011,
Eduardo Schwank,No,99088,143,2011,
Evgeny Donskoy,Yes,72461,144,2011,
Marc Gicquel,Yes,107839,145,2011,
Jurgen Zopp,No,68623,146,2011,
Andrey Golubev,No,269088,147,2011,
Sergei Bubka,Yes,114263,148,2011,
Rajeev Ram,Yes,120661,149,2011,
Augustin Gensse,No,88761,150,2011,
Frank Dancevic,No,1509,151,2011,
Arnaud Clement,No,165111,152,2011,
Julio Silva,No,46398,153,2011,
Simon Greul,No,90870,154,2011,
Matteo Viola,No,54517,155,2011,
Bjorn Phau,No,112751,156,2011,
Facundo Bagnis,No,47529,157,2011,
Alexander Kudryavtsev,Yes,58365,158,2011,
Antonio Veic,No,134376,159,2011,
Ruben Bemelmans,No,78299,160,2011,
Dustin Brown,No,140220,161,2011,
James Ward,No,108066,162,2011,
Maxime Teixeira,No,71710,163,2011,
Jesse Levine,No,35338,164,2011,
Aljaz Bedene,Yes,41244,165,2011,
Federico Delbonis,Yes,75418,166,2011,
Simone Vagnozzi,No,78106,167,2011,
Jan Hernych,No,105256,168,2011,
Alex Kuznetsov,No,4780,169,2011,
Dominik Meffert,No,59500,170,2011,
Florent Serra,No,162229,171,2011,
Gastao Elias,No,43000,172,2011,
Tsung-Hua Yang,No,5967,173,2011,
David Goffin,No,68176,174,2011,
Stefano Galvani,No,40660,175,2011,
Vincent Millot,Yes,104229,176,2011,
Marco Chiudinelli,No,96927,177,2011,
Roberto Bautista Agut,Yes,62686,178,2011,
Michael Yani,No,75037,179,2011,
Brian Dabul,No,103679,180,2011,
Konstantin Kravchuk,Yes,8887,181,2011,
Uladzimir Ignatik,No,48319,182,2011,
Ivo Minar,No,60461,183,2011,
Javier Marti,No,74411,184,2011,
Nikola Ciric,No,56745,185,2011,
Lleyton Hewitt,Yes,147443,186,2011,
Bastian Knittel,No,73093,187,2011,
Guillermo Olaso,No,58685,188,2011,
Denis Gremelmayr,No,130549,189,2011,
Dusan Lajovic,No,57818,190,2011,
Ivan Navarro,No,64785,191,2011,
Joao Sousa,No,51106,192,2011,
Yuri Schukin,No,60372,193,2011,
Martin Alund,No,22117,194,2011,
Harri Heliovaara,No,13348,195,2011,
Greg Jones,No,67126,196,2011,
David Guez,No,60594,197,2011,
Laurynas Grigelis,No,3622,198,2011,
Pavol Cervenak,No,50572,199,2011,
Igor Sijsling,No,78111,200,2011,
Rafael Nadal,Yes,8462984,1,2010,
Roger Federer,Yes,6685303,2,2010,
Novak Djokovic,Yes,3743806,3,2010,
Andy Murray,Yes,3466862,4,2010,
Robin Soderling,No,3325503,5,2010,
Tomas Berdych,Yes,2221661,6,2010,
David Ferrer,Yes,2291308,7,2010,
Andy Roddick,No,1901336,8,2010,
Fernando Verdasco,Yes,1738109,9,2010,
Mikhail Youzhny,Yes,1618897,10,2010,
Jurgen Melzer,Yes,426378,11,2010,
Gael Monfils,No,1261740,12,2010,
Jo-Wilfried Tsonga,Yes,1138025,13,2010,
Marin Cilic,Yes,1130857,14,2010,
Nicolas Almagro,Yes,1092880,15,2010,
Mardy Fish,Yes,808413,16,2010,
Ivan Ljubicic,Yes,1195319,17,2010,
Sam Querrey,Yes,1074562,18,2010,
John Isner,Yes,904620,19,2010,
Marcos Baghdatis,Yes,935483,20,2010,
Stan Wawrinka,No,845980,21,2010,
Nikolay Davydenko,Yes,946156,22,2010,
Michael Llodra,Yes,696665,23,2010,
Ernests Gulbis,Yes,680867,24,2010,
Albert Montanes,No,797215,25,2010,
Juan Monaco,No,724443,26,2010,
David Nalbandian,No,597046,27,2010,
Viktor Troicki,Yes,801338,28,2010,
Juan Carlos Ferrero,No,731393,29,2010,
Richard Gasquet,No,642344,30,2010,
Thomaz Bellucci,Yes,629309,31,2010,
Feliciano Lopez,No,648713,32,2010,
Guillermo Garcia-Lopez,No,630070,33,2010,
Philipp Kohlschreiber,Yes,637513,34,2010,
Yen-Hsun Lu,Yes,479533,35,2010,
Andrey Golubev,No,664752,36,2010,
Florian Mayer,No,469928,37,2010,
Juan Ignacio Chela,Yes,505381,38,2010,
Jarkko Nieminen,Yes,469137,39,2010,
Denis Istomin,No,525307,40,2010,
Gilles Simon,No,523786,41,2010,
Marcel Granollers,No,525676,42,2010,
Thiemo de Bakker,No,515137,43,2010,
Julien Benneteau,Yes,477598,44,2010,
Jeremy Chardy,Yes,484045,45,2010,
Sergiy Stakhovsky,Yes,531864,46,2010,
Potito Starace,No,452476,47,2010,
Alexandr Dolgopolov,No,422162,48,2010,
Janko Tipsarevic,Yes,439773,49,2010,
Tommy Robredo,No,498691,50,2010,
Victor Hanescu,Yes,476161,51,2010,
Andreas Seppi,Yes,481348,52,2010,
Benjamin Becker,Yes,476648,53,2010,
Lleyton Hewitt,Yes,492152,54,2010,
Fabio Fognini,Yes,375499,55,2010,
Daniel Gimeno-Traver,Yes,389302,56,2010,
Philipp Petzschner,Yes,301139,57,2010,
Michael Berrer,No,477112,58,2010,
Mikhail Kukushkin,No,272648,59,2010,
Xavier Malisse,No,370699,60,2010,
Kevin Anderson,Yes,300355,61,2010,
Radek Stepanek,No,337177,62,2010,
Pablo Cuevas,No,360882,63,2010,
Santiago Giraldo,No,349633,64,2010,
Robin Haase,No,225791,65,2010,
Carlos Berlocq,Yes,111827,66,2010,
Tobias Kamke,No,209742,67,2010,
Fernando Gonzalez,No,274358,68,2010,
Florent Serra,No,393719,69,2010,
Lukasz Kubot,No,318695,70,2010,
Pablo Andujar,Yes,174048,71,2010,
Pere Riba,No,199155,72,2010,
Ivo Karlovic,Yes,258401,73,2010,
Eduardo Schwank,No,396563,74,2010,
Dudi Sela,Yes,255594,75,2010,
Ricardo Mello,No,167869,76,2010,
Ruben Ramirez Hidalgo,No,102288,77,2010,
Arnaud Clement,No,351534,78,2010,
Igor Andreev,No,299378,79,2010,
Teymuraz Gabashvili,No,297328,80,2010,
Illya Marchenko,No,303324,81,2010,
Mischa Zverev,Yes,299249,82,2010,
Adrian Mannarino,No,144932,83,2010,
Rainer Schuettler,No,260617,84,2010,
Brian Dabul,No,108920,85,2010,
Michal Przysiezny,No,191439,86,2010,
Ricardas Berankis,No,137564,87,2010,
Ivan Dodig,Yes,11604,88,2010,
Lukas Lacko,No,306774,89,2010,
Marsel Ilhan,No,176366,90,2010,
Filippo Volandri,No,117918,91,2010,
Dustin Brown,No,173861,92,2010,
Rui Machado,No,99373,93,2010,
Leonardo Mayer,Yes,262895,94,2010,
Jan Hajek,No,250831,95,2010,
Marcos Daniel,Yes,137943,96,2010,
Paul-Henri Mathieu,Yes,369643,97,2010,
Kei Nishikori,No,167200,98,2010,
Michael Russell,Yes,291836,99,2010,
Igor Kunitsyn,Yes,210015,100,2010,
Fred Gil,No,219231,101,2010,
Bjorn Phau,No,184303,102,2010,
Karol Beck,No,172494,103,2010,
Daniel Brands,No,285751,104,2010,
Alejandro Falla,Yes,288086,105,2010,
Grigor Dimitrov,No,60301,106,2010,
Simone Bolelli,Yes,35718,107,2010,
Somdev Devvarman,No,172060,108,2010,
Steve Darcis,No,150447,109,2010,
Horacio Zeballos,Yes,144750,110,2010,
Joao Souza,No,89707,111,2010,
Blaz Kavcic,No,133442,112,2010,
Olivier Rochus,No,301032,113,2010,
Julian Reister,No,145575,114,2010,
Robert Kendrick,No,91075,115,2010,
Ryan Sweeting,No,149240,116,2010,
Marco Chiudinelli,No,319954,117,2010,
Taylor Dent,Yes,254618,118,2010,
Andreas Haider-Maurer,Yes,145793,119,2010,
Go Soeda,No,83512,120,2010,
Denis Gremelmayr,No,60308,121,2010,
Stephane Robert,No,230609,122,2010,
Albert Ramos-Vinolas,Yes,107457,123,2010,
Edouard Roger-Vasselin,Yes,33560,124,2010,
Yuri Schukin,No,94902,125,2010,
Igor Sijsling,No,89698,126,2010,
Donald Young,No,117531,127,2010,
Jesse Huta Galung,No,60142,128,2010,
Conor Niland,No,82382,129,2010,
Simon Greul,No,266986,130,2010,
Stefan Koubek,Yes,144088,131,2010,
Nicolas Mahut,No,50979,132,2010,
Martin Fischer,No,102659,133,2010,
Gilles Muller,Yes,74720,134,2010,
James Blake,No,246645,135,2010,
Stephane Bohli,No,86955,136,2010,
Peter Luczak,Yes,234928,137,2010,
Marinko Matosevic,No,84685,138,2010,
Jaroslav Pospisil,No,4201,139,2010,
Evgeny Korolev,No,258397,140,2010,
Maximo Gonzalez,No,33541,141,2010,
Grega Zemlja,No,113823,142,2010,
Paolo Lorenzi,Yes,162861,143,2010,
Robby Ginepri,No,260781,144,2010,
Eric Prodon,No,40400,145,2010,
Konstantin Kravchuk,Yes,6378,146,2010,
Daniel Munoz de la Nava,No,80177,147,2010,
Diego Junqueira,No,60318,148,2010,
Ilija Bozoljac,No,106887,149,2010,
Thiago Alves,No,88632,150,2010,
Marc Gicquel,Yes,164611,151,2010,
Benoit Paire,No,99989,152,2010,
Carsten Ball,No,138594,153,2010,
Andreas Beck,Yes,209161,154,2010,
Martin Klizan,No,83122,155,2010,
Milos Raonic,No,88865,156,2010,
Josselin Ouanna,No,115251,157,2010,
Rogerio Dutra Silva,Yes,32324,158,2010,
Alexander Kudryavtsev,Yes,60629,159,2010,
Federico Delbonis,Yes,51815,160,2010,
Jerzy Janowicz,No,45742,161,2010,
Alessio Di Mauro,No,44477,162,2010,
Bobby Reynolds,No,57778,163,2010,
Lukas Rosol,No,77063,164,2010,
Paul Capdeville,No,54436,165,2010,
Alex Bogomolov Jr.,No,72350,166,2010,
Ivo Minar,No,37096,167,2010,
Thomas Schoorel,No,38984,168,2010,
David Guez,No,104027,169,2010,
Roberto Bautista Agut,Yes,77438,170,2010,
Tim Smyczek,Yes,72358,171,2010,
Carlos Salamanca,No,45080,172,2010,
Ryan Harrison,Yes,132028,173,2010,
Izak Van der Merwe,No,52020,174,2010,
Juan Pablo Brzezicki,No,47839,175,2010,
Victor Crivoi,No,74397,176,2010,
Andrej Martin,No,43998,177,2010,
Ruben Bemelmans,No,75834,178,2010,
Simone Vagnozzi,No,53645,179,2010,
Yuichi Sugita,No,44794,180,2010,
Rik De Voest,Yes,75047,181,2010,
Franko Skugor,No,8360,182,2010,
Tatsuma Ito,No,49311,183,2010,
Rajeev Ram,Yes,97405,184,2010,
Adrian Ungur,No,48043,185,2010,
Nicolas Massu,No,92717,186,2010,
Matthias Bachinger,No,53210,187,2010,
Julio Silva,No,55204,188,2010,
Robert Farah,No,9940,189,2010,
Attila Balazs,No,34713,190,2010,
Antonio Veic,No,79263,191,2010,
Juan Sebastian Cabal,Yes,13401,192,2010,
Ivan Navarro,No,99135,193,2010,
Ramon Delgado,No,73157,194,2010,
Olivier Patience,No,57270,195,2010,
Matthew Ebden,Yes,59717,196,2010,
Dmitry Tursunov,No,152604,197,2010,
Nikola Ciric,No,27574,198,2010,
Ivan Sergeyev,No,3485,199,2010,
Guillermo Alcaide,No,51769,200,2010,
